ChEMBL_ID,Name,SMILES,pChEMBL_value,activity_type,source
CHEMBL480,LANSOPRAZOLE,Cc1c(OCC(F)(F)F)ccnc1C[S+]([O-])c1nc2ccccc2[nH]1,6.41,IC50,SARS-CoV-2_Mpro
CHEMBL178459,OLTIPRAZ,Cc1c(-c2cnccn2)ssc1=S,6.68,IC50,SARS-CoV-2_Mpro
CHEMBL3545157,TIDEGLUSIB,O=c1sn(-c2cccc3ccccc23)c(=O)n1Cc1ccccc1,7.1,IC50,SARS-CoV-2_Mpro
CHEMBL297453,EPIGALOCATECHIN GALLATE,O=C(O[C@@H]1Cc2c(O)cc(O)cc2O[C@@H]1c1cc(O)c(O)c(O)c1)c1cc(O)c(O)c(O)c1,6.14,IC50,SARS-CoV-2_Mpro
CHEMBL4303595,Unknown,O=C1C=Cc2cc(Br)ccc2C1=O,7.4,IC50,SARS-CoV-2_Mpro
CHEMBL444186,RAZOXANE,CC(CN1CC(=O)NC(=O)C1)N1CC(=O)NC(=O)C1,5.5,IC50,SARS-CoV-2_Mpro
CHEMBL55400,PROFLAVINE,Nc1ccc2cc3ccc(N)cc3nc2c1,6.44,IC50,SARS-CoV-2_Mpro
CHEMBL1886408,Unknown,CCOC(=O)Cc1ccc(-c2ccccc2)cc1,6.7,IC50,SARS-CoV-2_Mpro
CHEMBL505670,Unknown,O=[N+]([O-])c1ccc(Sc2cccc[n+]2[O-])c2nonc12,7.0,IC50,SARS-CoV-2_Mpro
CHEMBL460499,CARMOFUR,CCCCCCNC(=O)n1cc(F)c(=O)[nH]c1=O,6.8,IC50,SARS-CoV-2_Mpro
CHEMBL1271993,Unknown,O=C1C(Cl)=C(N2CCOCC2)C(=O)N1c1ccc(Cl)c(Cl)c1,5.94,IC50,SARS-CoV-2_Mpro
CHEMBL3665060,Unknown,CN1CCN(C(=O)c2ccc(-c3ccc4c(C=O)c(O)ccc4c3)s2)CC1,5.88,IC50,SARS-CoV-2_Mpro
CHEMBL1096979,BENSERAZIDE,NC(CO)C(=O)NNCc1ccc(O)c(O)c1O,6.85,IC50,SARS-CoV-2_Mpro
CHEMBL164,MYRICETIN,O=c1c(O)c(-c2cc(O)c(O)c(O)c2)oc2cc(O)cc(O)c12,6.66,IC50,SARS-CoV-2_Mpro
CHEMBL1422849,Unknown,CCN1CCN(C(c2ccc(C(F)(F)F)cc2)c2ccc3cccnc3c2O)CC1,6.82,IC50,SARS-CoV-2_Mpro
CHEMBL284861,Unknown,Cn1sc(=O)n(Cc2ccccc2)c1=O,6.85,IC50,SARS-CoV-2_Mpro
CHEMBL286080,SKF-38393,Oc1cc2c(cc1O)C(c1ccccc1)CNCC2,5.55,IC50,SARS-CoV-2_Mpro
CHEMBL3963349,Unknown,COC(=O)CC[C@H](NC(=O)[C@H](CC(=O)OC)NC(=O)OCc1ccccc1)C(=O)N[C@H](C(=O)N[C@@H](CC(=O)OC)C(=O)CF)C(C)C,8.0,IC50,SARS-CoV-2_Mpro
CHEMBL3797437,Unknown,Oc1cc2c(cc1C(c1ccc(C(F)(F)F)cc1)N1CCOCC1)OCO2,6.27,IC50,SARS-CoV-2_Mpro
CHEMBL289356,Unknown,Sc1nnc(Nc2ccccc2)s1,6.41,IC50,SARS-CoV-2_Mpro
CHEMBL1725120,Unknown,Cc1ccc(C)c(-n2sc3cc(F)ccc3c2=O)c1,7.7,IC50,SARS-CoV-2_Mpro
CHEMBL1356238,PYRITHIONE,[O-][n+]1ccccc1S,7.3,IC50,SARS-CoV-2_Mpro
CHEMBL105712,PHENACYL CHLORIDE,O=C(CCl)c1ccccc1,6.72,IC50,SARS-CoV-2_Mpro
CHEMBL508112,BENZOTHIAZYL DISULFIDE,c1ccc2sc(SSc3nc4ccccc4s3)nc2c1,6.8,IC50,SARS-CoV-2_Mpro
CHEMBL243652,Unknown,O=C(CC1Sc2ncnn2C1=O)Nc1ccc(Br)cc1,5.69,IC50,SARS-CoV-2_Mpro
CHEMBL259018,Unknown,CC(C)(C)OC(=O)NCCc1nnc(S(=O)(=O)Cc2ccc(Cl)cc2Cl)o1,5.38,IC50,SARS-CoV-2_Mpro
CHEMBL449298,Unknown,Nc1ccc(O)c2ncccc12,5.69,IC50,SARS-CoV-2_Mpro
CHEMBL566136,Unknown,CCOC(=O)c1c(N)sc(-c2ccccc2)c1C,5.5,IC50,SARS-CoV-2_Mpro
CHEMBL1608472,Unknown,Cc1cc(C)cc(N2C(=O)CC(Sc3nc[nH]n3)C2=O)c1,5.5,IC50,SARS-CoV-2_Mpro
CHEMBL60718,TPCK,Cc1ccc(S(=O)(=O)N[C@@H](Cc2ccccc2)C(=O)CCl)cc1,5.86,IC50,SARS-CoV-2_Mpro
CHEMBL1917204,Unknown,Cc1ccc(-n2sc(=O)n(Cc3ccc(F)cc3)c2=O)cc1,6.82,IC50,SARS-CoV-2_Mpro
CHEMBL226652,Unknown,Sc1nnnn1-c1ccccc1,5.63,IC50,SARS-CoV-2_Mpro
CHEMBL119171,Unknown,Nc1nc(S)c2ncn(C3OC(CO)C(O)C3O)c2n1,5.97,IC50,SARS-CoV-2_Mpro
CHEMBL66953,PURPUROGALLIN,O=c1c(O)cccc2cc(O)c(O)c(O)c12,5.34,IC50,SARS-CoV-2_Mpro
CHEMBL4303154,Unknown,C/C=C1\C(OC2OC(CO)C(O)C(O)C2O)OC=C(C(=O)OC)C1CC(=O)OCCc1ccc(O)c(O)c1,5.47,IC50,SARS-CoV-2_Mpro
CHEMBL4303503,Unknown,C=C1C(=O)[C@]23[C@H](O)[C@H]1CC[C@@H]2[C@@]12CO[C@]3(O)C[C@@H]1C(C)(C)CC[C@@H]2O,5.59,IC50,SARS-CoV-2_Mpro
CHEMBL2368547,Sennoside A,O=C(O)c1cc(O)c2c(c1)[C@H]([C@H]1c3cc(C(=O)O)cc(O)c3C(=O)c3c(O[C@@H]4O[C@H](CO)[C@@H](O)[C@H](O)[C@H]4O)cccc31)c1cccc(O[C@@H]3O[C@H](CO)[C@@H](O)[C@H](O)[C@H]3O)c1C2=O,5.8,IC50,SARS-CoV-2_Mpro
CHEMBL1200930,RABEPRAZOLE SODIUM,COCCCOc1ccnc(C[S+]([O-])c2nc3ccccc3[n-]2)c1C.[Na+],6.13,IC50,SARS-CoV-2_Mpro
CHEMBL1475252,TENATOPRAZOLE,COc1ccc2[nH]c([S+]([O-])Cc3ncc(C)c(OC)c3C)nc2n1,6.01,IC50,SARS-CoV-2_Mpro
CHEMBL271023,Unknown,[O-][S+](c1ccccc1)c1ccc2nnnn2n1,5.95,IC50,SARS-CoV-2_Mpro
CHEMBL406050,PX-12,CCC(C)SSc1ncc[nH]1,6.85,IC50,SARS-CoV-2_Mpro
CHEMBL1255778,BENSERAZIDE HYDROCHLORIDE,Cl.NC(CO)C(=O)NNCc1ccc(O)c(O)c1O,6.85,IC50,SARS-CoV-2_Mpro
CHEMBL1201236,CARBIDOPA ANHYDROUS,C[C@@](Cc1ccc(O)c(O)c1)(NN)C(=O)O,5.45,IC50,SARS-CoV-2_Mpro
CHEMBL388676,CAPTAN,O=C1C2CC=CCC2C(=O)N1SC(Cl)(Cl)Cl,6.17,IC50,SARS-CoV-2_Mpro
CHEMBL52,NORDIHYDROGUAIARETIC ACID,CC(Cc1ccc(O)c(O)c1)C(C)Cc1ccc(O)c(O)c1,5.59,IC50,SARS-CoV-2_Mpro
CHEMBL505308,Unknown,Br.Oc1cc2c(cc1O)C(c1ccccc1)CNCC2,5.58,IC50,SARS-CoV-2_Mpro
CHEMBL4303376,Unknown,Cc1ccccc1N(C)C(=O)c1ccc([S+]([O-])c2nccs2)c([N+](=O)[O-])c1,5.73,IC50,SARS-CoV-2_Mpro
CHEMBL28,APIGENIN,O=c1cc(-c2ccc(O)cc2)oc2cc(O)cc(O)c12,5.52,IC50,SARS-CoV-2_Mpro
CHEMBL3348861,AMPELOPSIN,O=C1c2c(O)cc(O)cc2O[C@H](c2cc(O)c(O)c(O)c2)[C@H]1O,6.75,IC50,SARS-CoV-2_Mpro
CHEMBL488755,Unknown,CN(C)CCNc1nc2cc(O)ccc2c2c1C(=O)c1ccccc1-2,5.52,IC50,SARS-CoV-2_Mpro
CHEMBL1256915,Unknown,CN1CC[C@@]2(C)c3cc(O)ccc3N(C)[C@@H]12.O=C(O)/C=C/C(=O)O,5.7,IC50,SARS-CoV-2_Mpro
CHEMBL3545085,XL-228,CC(C)c1cc(CNc2nc(Nc3cc(C4CC4)[nH]n3)cc(N3CCN(C)CC3)n2)on1,5.83,IC50,SARS-CoV-2_Mpro
CHEMBL403183,Unknown,Cc1ccc(S(=O)(=O)/C=C/C#N)cc1,6.09,IC50,SARS-CoV-2_Mpro
CHEMBL1200471,PYRITHIONE ZINC,[O-][n+]1ccccc1[S-].[O-][n+]1ccccc1[S-].[Zn+2],5.61,IC50,SARS-CoV-2_Mpro
CHEMBL3747259,Unknown,O=C(/C=C/c1ccc(O)c2c1[C@@H](C(=O)O[C@H](Cc1ccc(O)c(O)c1)C(=O)O)[C@H](c1ccc(O)c(O)c1)O2)O[C@H](Cc1ccc(O)c(O)c1)C(=O)O,5.47,IC50,SARS-CoV-2_Mpro
CHEMBL324842,ROSMARINIC ACID,O=C(/C=C/c1ccc(O)c(O)c1)O[C@H](Cc1ccc(O)c(O)c1)C(=O)O,5.41,IC50,SARS-CoV-2_Mpro
CHEMBL1380480,VANITIOLIDE,COc1cc(C(=S)N2CCOCC2)ccc1O,5.88,IC50,SARS-CoV-2_Mpro
CHEMBL1161936,Unknown,O=C(O)c1ccc(SSc2ccc(C(=O)O)cn2)nc1,6.62,IC50,SARS-CoV-2_Mpro
CHEMBL120563,THIRAM,CN(C)C(=S)SSC(=S)N(C)C,7.3,IC50,SARS-CoV-2_Mpro
CHEMBL51085,EBSELEN,O=c1c2ccccc2[se]n1-c1ccccc1,7.52,IC50,SARS-CoV-2_Mpro
CHEMBL1188627,Unknown,C/N=c1/nc(-c2ccccc2)n(-c2ccccc2)s1,6.01,IC50,SARS-CoV-2_Mpro
CHEMBL4303331,Unknown,C[C@@H]1O[C@@H](Oc2c(-c3cc(O)c(O)c(O)c3)oc3cc(O)cc(O)c3c2=O)[C@@H](O)[C@H](O)[C@H]1O,5.44,IC50,SARS-CoV-2_Mpro
CHEMBL1256832,DIHYDREXIDINE HYDROCHLORIDE,Cl.Oc1cc2c(cc1O)[C@H]1c3ccccc3CN[C@@H]1CC2,5.98,IC50,SARS-CoV-2_Mpro
CHEMBL510038,Unknown,Nc1nnc(Sc2ncc([N+](=O)[O-])s2)s1,7.52,IC50,SARS-CoV-2_Mpro
CHEMBL964,DISULFIRAM,CCN(CC)C(=S)SSC(=S)N(CC)CC,6.66,IC50,SARS-CoV-2_Mpro
CHEMBL1474701,Unknown,O=C1C=CC(=O)C2=C1C1c3ccccc3C2c2ccccc21,6.62,IC50,SARS-CoV-2_Mpro
CHEMBL1408862,BRONOPOL,O=[N+]([O-])C(Br)(CO)CO,6.38,IC50,SARS-CoV-2_Mpro
CHEMBL929,DELAVIRDINE MESYLATE,CC(C)Nc1cccnc1N1CCN(C(=O)c2cc3cc(NS(C)(=O)=O)ccc3[nH]2)CC1.CS(=O)(=O)O,5.4,IC50,SARS-CoV-2_Mpro
CHEMBL444478,ACETOSIDE,C[C@@H]1O[C@@H](O[C@@H]2[C@@H](O)[C@H](OCCc3ccc(O)c(O)c3)O[C@H](CO)[C@H]2OC(=O)/C=C/c2ccc(O)c(O)c2)[C@H](O)[C@H](O)[C@H]1O,5.34,IC50,SARS-CoV-2_Mpro
CHEMBL571700,BIS(DIMETHYLAMINETHIOCARBONYL)MONOSULFIDE,CN(C)C(=S)SC(=S)N(C)C,6.03,IC50,SARS-CoV-2_Mpro
CHEMBL472940,Unknown,Oc1ccc2ccccc2c1SSc1c(O)ccc2ccccc12,6.29,IC50,SARS-CoV-2_Mpro
CHEMBL1374426,Unknown,CCC(=O)OCN1C(=O)C=CC1=O,6.54,IC50,SARS-CoV-2_Mpro
CHEMBL518800,Unknown,CC[C@H](CO)Nc1nc(NCc2ccc(-c3ccccn3)cc2)c2ncn(C(C)C)c2n1,6.08,IC50,SARS-CoV-2_Mpro
CHEMBL596674,Unknown,CC(C)N(CCC(=O)c1ccc2ccccc2c1)Cc1ccccc1,6.24,IC50,SARS-CoV-2_Mpro
CHEMBL270299,BAY-11-7085,CC(C)(C)c1ccc(S(=O)(=O)/C=C/C#N)cc1,6.08,IC50,SARS-CoV-2_Mpro
CHEMBL4303312,Unknown,Oc1c(I)cc(I)c(O)c1I,6.48,IC50,SARS-CoV-2_Mpro
CHEMBL188434,Unknown,CCn1c(-c2nonc2N)nc2cncc(CNC3CCNCC3)c21,5.68,IC50,SARS-CoV-2_Mpro
CHEMBL4303618,Unknown,CCc1ccc(/C=C/C(=O)Nc2ccc(C(C)=O)cc2)o1,5.3,IC50,SARS-CoV-2_Mpro
CHEMBL128251,IOCANLIDIC ACID,O=C(O)CCCCCCCCCCCCCCc1ccc(I)cc1,5.65,IC50,SARS-CoV-2_Mpro
CHEMBL4303361,Unknown,Oc1cc(CNC(=S)/C=C/c2cc(O)c(O)c(Br)c2)cc(O)c1O,6.32,IC50,SARS-CoV-2_Mpro
CHEMBL4303622,Unknown,N#CSc1cc(SC#N)c(N)nc1N,6.39,IC50,SARS-CoV-2_Mpro
CHEMBL111654,2-MERCAPTOBENZOTHIAZOLE,Sc1nc2ccccc2s1,5.76,IC50,SARS-CoV-2_Mpro
CHEMBL9116,CARACEMIDE,CNC(=O)ON(C(C)=O)C(=O)NC,5.88,IC50,SARS-CoV-2_Mpro
CHEMBL1591074,Unknown,c1ccc2sc(SNC3CCCCC3)nc2c1,6.11,IC50,SARS-CoV-2_Mpro
CHEMBL329522,EXIFONE,O=C(c1cc(O)c(O)c(O)c1)c1ccc(O)c(O)c1O,5.36,IC50,SARS-CoV-2_Mpro
CHEMBL465704,PROFLAVINE HEMISULFATE,Nc1ccc2cc3ccc(N)cc3nc2c1.Nc1ccc2cc3ccc(N)cc3nc2c1.O=S(=O)(O)O,6.08,IC50,SARS-CoV-2_Mpro
CHEMBL2107818,ALDOXORUBICIN,COc1cccc2c1C(=O)c1c(O)c3c(c(O)c1C2=O)C[C@@](O)(/C(CO)=N/NC(=O)CCCCCN1C(=O)C=CC1=O)C[C@@H]3O[C@H]1C[C@H](N)[C@H](O)[C@H](C)O1,6.24,IC50,SARS-CoV-2_Mpro
CHEMBL8260,BAICALEIN,O=c1cc(-c2ccccc2)oc2cc(O)c(O)c(O)c12,7.7,IC50,SARS-CoV-2_Mpro
CHEMBL2354521,Unknown,COc1cccc(C(=O)CCN[C@@H](C)[C@H](O)c2ccccc2)c1.Cl,5.63,IC50,SARS-CoV-2_Mpro
CHEMBL508280,Unknown,O=[N+]([O-])c1cnc(Sc2nnc(O)n2-c2ccc3c(c2)OCCO3)s1,6.52,IC50,SARS-CoV-2_Mpro
CHEMBL3187985,APOMORPHINE HYDROCHLORIDE,CN1CCc2cccc3c2[C@H]1Cc1ccc(O)c(O)c1-3.CN1CCc2cccc3c2[C@H]1Cc1ccc(O)c(O)c1-3.Cl.Cl.O,6.28,IC50,SARS-CoV-2_Mpro
CHEMBL477197,HEMATOXYLIN,Oc1cc2c(cc1O)[C@@H]1c3ccc(O)c(O)c3OC[C@]1(O)C2,6.66,IC50,SARS-CoV-2_Mpro
CHEMBL1449651,"PYRROLIDINE DITHIOCARBAMIC ACID, AMMONIUM SALT",N.S=C(S)N1CCCC1,6.68,IC50,SARS-CoV-2_Mpro
CHEMBL1201073,SUCCIMER,O=C(O)[C@@H](S)[C@@H](S)C(=O)O,5.76,IC50,SARS-CoV-2_Mpro
CHEMBL376488,BEDAQUILINE,COc1nc2ccc(Br)cc2cc1[C@@H](c1ccccc1)[C@@](O)(CCN(C)C)c1cccc2ccccc12,5.36,IC50,SARS-CoV-2_Mpro
CHEMBL154580,Unknown,C=CC(=O)c1ccc2ccccc2c1,5.91,IC50,SARS-CoV-2_Mpro
CHEMBL354349,EUFLAVINE,C[n+]1c2cc(N)ccc2cc2ccc(N)cc21.[Cl-],5.3,IC50,SARS-CoV-2_Mpro
CHEMBL1382627,"SULFADIAZINE, SILVER",Nc1ccc(S(=O)(=O)[N-]c2ncccn2)cc1.[Ag+],6.12,IC50,SARS-CoV-2_Mpro
CHEMBL2316746,Unknown,CC(C)C[C@H](NC(=O)[C@@H](NC(=O)OCc1ccccc1)C(C)C)C(=O)N[C@@H](C[C@@H]1CCNC1=O)C(=O)c1nc2ccccc2s1,7.84,Ki,SARS-CoV-2_Mpro
CHEMBL213543,Unknown,CCOC(=O)/C=C/[C@H](C[C@@H]1CCNC1=O)NC(=O)[C@H](CC(C)C)NC(=O)[C@@H](NC(=O)OCc1ccccc1)C(C)C,6.54,IC50,SARS-CoV-2_Mpro
CHEMBL4796938,Unknown,O=C[C@H](C[C@@H]1CCNC1=O)NC(=O)[C@H](CC1CCCCC1)NC(=O)c1cc2ccccc2[nH]1,7.85,IC50,SARS-CoV-2_Mpro
CHEMBL4764751,Unknown,O=C[C@H](C[C@@H]1CCNC1=O)NC(=O)[C@H](Cc1cccc(F)c1)NC(=O)c1cc2ccccc2[nH]1,7.64,IC50,SARS-CoV-2_Mpro
CHEMBL4857345,Unknown,CC(C)C[C@H](NC(=O)OCc1ccccc1)C(=O)N[C@@H](CC(C)C)C(=O)N[C@@H](C[C@@H]1CCNC1=O)C(=O)C(=O)NC(C)C,7.19,IC50,SARS-CoV-2_Mpro
CHEMBL4850298,Unknown,CC(C)C[C@H](NC(=O)OCc1ccccc1)C(=O)N[C@H](C=O)C[C@@H]1CCNC1=O,7.38,IC50,SARS-CoV-2_Mpro
CHEMBL3559293,Unknown,CC(C)C[C@H](NC(=O)OCc1ccccc1)C(=O)N[C@@H](C[C@@H]1CCNC1=O)C(O)S(=O)(=O)O,7.52,IC50,SARS-CoV-2_Mpro
CHEMBL4777223,PF-00835231,COc1cccc2[nH]c(C(=O)N[C@@H](CC(C)C)C(=O)N[C@@H](C[C@@H]3CCNC3=O)C(=O)CO)cc12,9.57,IC50,SARS-CoV-2_Mpro
CHEMBL4852855,Unknown,C[C@@H](OC(C)(C)C)[C@H](NC(=O)OCc1ccccc1)C(=O)N[C@@H](CC1CCCCC1)C(=O)N[C@H](C=O)C[C@@H]1CCNC1=O,8.05,IC50,SARS-CoV-2_Mpro
CHEMBL4868590,Unknown,CC(C)(C)C(=O)N[C@H](C(=O)N1C[C@H]2[C@@H]([C@H]1C(=O)NC(CC1CCC1)C(=O)C(N)=O)C2(C)C)C(C)(C)C,5.38,IC50,SARS-CoV-2_Mpro
CHEMBL92708,CALPEPTIN,CCCC[C@@H](C=O)NC(=O)[C@H](CC(C)C)NC(=O)OCc1ccccc1,5.32,IC50,SARS-CoV-2_Mpro
CHEMBL4518490,Unknown,CCC[C@@H](C=O)NC(=O)[C@H](CC(C)C)NC(=O)[C@H](CC(C)C)NC(=O)OCc1ccccc1,5.5,IC50,SARS-CoV-2_Mpro
CHEMBL64925,MG-132,CC(C)C[C@@H](C=O)NC(=O)[C@H](CC(C)C)NC(=O)[C@H](CC(C)C)NC(=O)OCc1ccccc1,5.41,IC50,SARS-CoV-2_Mpro
CHEMBL231813,TELAPREVIR,CCC[C@H](NC(=O)[C@@H]1[C@H]2CCC[C@H]2CN1C(=O)[C@@H](NC(=O)[C@@H](NC(=O)c1cnccn1)C1CCCCC1)C(C)(C)C)C(=O)C(=O)NC1CC1,4.94,IC50,SARS-CoV-2_Mpro
CHEMBL4875501,Unknown,CC(=O)N[C@@H](CO)C(=O)N[C@H](C(=O)N[C@@H](CO)C(=O)N[C@@H](C)C(=O)N[C@H](C(=O)N[C@@H](CC(C)C)C(=O)N[C@@H](CCC(N)=O)C(=O)N[C@@H](CO)C(=O)NCC(=O)N[C@@H](Cc1ccccc1)C(=O)N[C@@H](CCCNC(=N)N)C(=O)N[C@@H](CCCCN)C(=O)N[C@@H](Cc1ccccc1)C(N)=O)C(C)C)[C@@H](C)O,4.24,Ki,SARS-CoV-2_Mpro
CHEMBL4877358,Unknown,N=C(N/N=C/c1ccccc1O)c1nonc1NCNc1nonc1C(=N)N/N=C/c1ccccc1O,7.2,IC50,SARS-CoV-2_Mpro
CHEMBL4869416,Unknown,COc1cc(C(NC2=NC(=O)C(CC(=O)Nc3ccc(C(=O)O)cc3)S2)c2c(O)[nH]c(=O)[nH]c2=O)ccc1O,7.07,IC50,SARS-CoV-2_Mpro
CHEMBL4848534,Unknown,Cn1cc(SCC(=O)NCc2ccccc2)c2ccccc21,4.57,IC50,SARS-CoV-2_Mpro
CHEMBL4864930,Unknown,Cn1cc(SCC(=O)N(Cc2ccccc2)Cc2ccccc2)c2ccccc21,4.91,IC50,SARS-CoV-2_Mpro
CHEMBL4850314,Unknown,CN(C)CCOc1ccc(CNC(=O)CSc2cn(C)c3ccccc23)cc1,5.05,IC50,SARS-CoV-2_Mpro
CHEMBL4851261,Unknown,COc1ccccc1CNC(=O)CSc1cn(C)c2ccccc12,5.01,IC50,SARS-CoV-2_Mpro
CHEMBL4860368,Unknown,Cn1cc(SCC(=O)NCc2ccc(Cl)c(Cl)c2)c2ccccc21,5.12,IC50,SARS-CoV-2_Mpro
CHEMBL4854844,Unknown,O=C(CSc1c[nH]c2ccccc12)NCc1ccccc1,5.17,IC50,SARS-CoV-2_Mpro
CHEMBL4863973,Unknown,O=C(CSc1c[nH]c2ccccc12)NCc1ccc(C(F)(F)F)cc1,5.1,IC50,SARS-CoV-2_Mpro
CHEMBL4855167,Unknown,CN(C)CCOc1ccc(CNC(=O)CSc2c[nH]c3ccccc23)cc1,5.04,IC50,SARS-CoV-2_Mpro
CHEMBL4852069,Unknown,COc1ccccc1CN(C)C(=O)CSc1c[nH]c2ccccc12,5.12,IC50,SARS-CoV-2_Mpro
CHEMBL4877143,Unknown,C[C@@H](NC(=O)CSc1c[nH]c2ccccc12)c1ccccc1,5.17,IC50,SARS-CoV-2_Mpro
CHEMBL4857654,Unknown,COc1ccccc1CNC(=O)CSc1c[nH]c2cccc(Br)c12,5.06,IC50,SARS-CoV-2_Mpro
CHEMBL4870400,Unknown,O=C(CSc1c[nH]c2cccc(Br)c12)NCc1ccc(Cl)c(Cl)c1,5.14,IC50,SARS-CoV-2_Mpro
CHEMBL4854494,Unknown,COc1ccccc1CNC(=O)CSc1c[nH]c2ccc(Br)cc12,4.97,IC50,SARS-CoV-2_Mpro
CHEMBL4874978,Unknown,O=C(CSc1c[nH]c2ccc(Br)cc12)NCc1ccc(Cl)c(Cl)c1,5.01,IC50,SARS-CoV-2_Mpro
CHEMBL4852238,Unknown,COc1ccccc1CNC(=O)CSc1c[nH]c2cc(Br)ccc12,5.0,IC50,SARS-CoV-2_Mpro
CHEMBL4846173,Unknown,O=C(CSc1c[nH]c2cc(Br)ccc12)NCc1ccc(Cl)c(Cl)c1,5.06,IC50,SARS-CoV-2_Mpro
CHEMBL4875555,Unknown,COc1ccccc1CNC(=O)CSc1c[nH]c2c(Br)cccc12,5.15,IC50,SARS-CoV-2_Mpro
CHEMBL4863334,Unknown,O=C(CSc1c[nH]c2c(Br)cccc12)NCc1ccc(Cl)c(Cl)c1,5.34,IC50,SARS-CoV-2_Mpro
CHEMBL4065616,REMDESIVIR,CCC(CC)COC(=O)[C@H](C)N[P@](=O)(OC[C@H]1O[C@@](C#N)(c2ccc3c(N)ncnn23)[C@H](O)[C@@H]1O)Oc1ccccc1,5.92,IC50,SARS-CoV-2_Mpro
CHEMBL4865625,Unknown,CN(Cc1ccccc1)C(=O)CSc1c[nH]c2cccc(Br)c12,5.33,IC50,SARS-CoV-2_Mpro
CHEMBL4854368,Unknown,CN(Cc1ccccc1)C(=O)CSc1c[nH]c2c(Br)cccc12,4.68,IC50,SARS-CoV-2_Mpro
CHEMBL4874748,Unknown,O=C(CSc1c[nH]c2c(Br)cccc12)N(Cc1ccccc1)Cc1ccccc1,5.15,IC50,SARS-CoV-2_Mpro
CHEMBL4870398,Unknown,O=C(CSc1c[nH]c2ccccc12)N(Cc1ccccc1)Cc1ccccc1,5.47,IC50,SARS-CoV-2_Mpro
CHEMBL4878063,Unknown,CN(Cc1ccccc1)C(=O)CSc1c[nH]c2ccccc12,5.34,IC50,SARS-CoV-2_Mpro
CHEMBL4845924,Unknown,COc1ccccc1CNC(=O)CSc1c[nH]c2c(-c3ccccc3)cccc12,5.78,IC50,SARS-CoV-2_Mpro
CHEMBL4869436,Unknown,O=C(CSc1c[nH]c2cccc(Br)c12)N(Cc1ccccc1)Cc1ccccc1,5.42,IC50,SARS-CoV-2_Mpro
CHEMBL4857861,Unknown,CCOc1ccccc1CN(OC)C(=O)CSc1c[nH]c2cccc(Br)c12,5.96,IC50,SARS-CoV-2_Mpro
CHEMBL5179067,Unknown,CC(C)(C)OC(=O)Nc1cccn([C@H](CC2CCCCC2)C(=O)N[C@H](C[C@@H]2CCNC2=O)C(=O)C(=O)NC2CC2)c1=O,6.75,IC50,SARS-CoV-2_Mpro
CHEMBL5207860,Unknown,O=C(/C=C/c1ccccc1)N[C@H](CC1CCCCC1)C(=O)N[C@H](C[C@@H]1CCNC1=O)C(=O)C(=O)NCc1ccccc1,6.75,IC50,SARS-CoV-2_Mpro
CHEMBL5208812,Unknown,CC(C)(C)OC(=O)Nc1cccn([C@H](CC2CC2)C(=O)N[C@H](C[C@@H]2CCNC2=O)C(=O)C(=O)NCc2ccccc2)c1=O,6.75,IC50,SARS-CoV-2_Mpro
CHEMBL9470,SHIKONIN,CC(C)=CC[C@@H](O)C1=CC(=O)c2c(O)ccc(O)c2C1=O,4.8,IC50,SARS-CoV-2_Mpro
CHEMBL485818,BAICALIN,O=C(O)[C@H]1O[C@@H](Oc2cc3oc(-c4ccccc4)cc(=O)c3c(O)c2O)[C@H](O)[C@@H](O)[C@@H]1O,5.19,IC50,SARS-CoV-2_Mpro
CHEMBL218394,BOCEPREVIR,CC(C)(C)NC(=O)N[C@H](C(=O)N1C[C@H]2[C@@H]([C@H]1C(=O)NC(CC1CCC1)C(=O)C(N)=O)C2(C)C)C(C)(C)C,5.38,IC50,SARS-CoV-2_Mpro
CHEMBL3427166,Unknown,CC(C)C[C@H](NC(=O)OCc1ccccc1)C(=O)N[C@@H](C[C@@H]1CCNC1=O)C(O)S(=O)(=O)[O-].[Na+],7.52,IC50,SARS-CoV-2_Mpro
CHEMBL5180554,Unknown,CSCC[C@H](C=O)NC(=O)[C@@H](CC(C)C)NC(=O)[C@@H](CC(C)C)NC(C)=O,6.01,IC50,SARS-CoV-2_Mpro
CHEMBL5196922,Unknown,CCC[C@@H](NC(=O)[C@@H](CC(C)C)NC(=O)OCc1ccccc1)C(=O)C(=O)NCc1ccccn1,6.35,IC50,SARS-CoV-2_Mpro
CHEMBL5184946,Unknown,O=C[C@@H](C[C@@H]1CCNC1=O)NC(=O)[C@@H](CC1CCCCC1)NC(=O)c1cc2ccccc2[nH]1,7.28,IC50,SARS-CoV-2_Mpro
CHEMBL5187773,Unknown,O=C[C@@H](C[C@@H]1CCNC1=O)NC(=O)[C@@H](Cc1cccc(F)c1)NC(=O)c1cc2ccccc2[nH]1,7.4,IC50,SARS-CoV-2_Mpro
CHEMBL1255891,NARLAPREVIR,CCCC[C@H](NC(=O)[C@@H]1[C@@H]2[C@H](CN1C(=O)[C@@H](NC(=O)NC1(CS(=O)(=O)C(C)(C)C)CCCCC1)C(C)(C)C)C2(C)C)C(=O)C(=O)NC1CC1,5.24,IC50,SARS-CoV-2_Mpro
CHEMBL304784,Unknown,CCCC[C@@H](C=O)NC(=O)[C@H](CC(C)C)NC(=O)[C@H](CC(C)C)NC(C)=O,5.07,IC50,SARS-CoV-2_Mpro
CHEMBL5201546,Unknown,Cc1ccc(N)cc1C(=O)N[C@@H](C)c1cccc2ccccc12,5.62,IC50,SARS-CoV-2_Mpro
CHEMBL5171214,Unknown,CC(=O)Nc1ccc(C)c(C(=O)N[C@@H](C)c2cccc3ccccc23)c1,5.3,IC50,SARS-CoV-2_Mpro
CHEMBL562121,Unknown,Cc1ccccc1C(=O)NC(C)c1ccc2ccccc2c1,4.63,IC50,SARS-CoV-2_Mpro
CHEMBL445978,PECTOLINARIN,COc1ccc(-c2cc(=O)c3c(O)c(OC)c(O[C@@H]4O[C@H](CO[C@@H]5O[C@@H](C)[C@H](O)[C@@H](O)[C@H]5O)[C@@H](O)[C@H](O)[C@H]4O)cc3o2)cc1,4.42,IC50,SARS-CoV-2_Mpro
CHEMBL395990,RHOIFOLIN,C[C@@H]1O[C@@H](O[C@H]2[C@H](Oc3cc(O)c4c(=O)cc(-c5ccc(O)cc5)oc4c3)O[C@H](CO)[C@@H](O)[C@@H]2O)[C@H](O)[C@H](O)[C@H]1O,4.57,IC50,SARS-CoV-2_Mpro
CHEMBL611029,HERBACETIN,O=c1c(O)c(-c2ccc(O)cc2)oc2c(O)c(O)cc(O)c12,4.48,IC50,SARS-CoV-2_Mpro
CHEMBL187460,CRYPTOTANSHINONE,C[C@H]1COC2=C1C(=O)C(=O)c1c2ccc2c1CCCC2(C)C,5.87,IC50,SARS-CoV-2_Mpro
CHEMBL464274,DEHYDROHIRSUTANONOL,O=C(/C=C/CCc1ccc(O)c(O)c1)CCc1ccc(O)c(O)c1,5.39,IC50,SARS-CoV-2_Mpro
CHEMBL186141,ANDROGRAPHOLIDE,C=C1CC[C@@H]2[C@](C)(CO)[C@H](O)CC[C@@]2(C)[C@@H]1C/C=C1/C(=O)OC[C@H]1O,4.82,IC50,SARS-CoV-2_Mpro
CHEMBL509,MECLOFENAMIC ACID,Cc1ccc(Cl)c(Nc2ccccc2C(=O)O)c1Cl,4.3,Ki,SARS-CoV-2_Mpro
CHEMBL4802135,NIRMATRELVIR,CC(C)(C)[C@H](NC(=O)C(F)(F)F)C(=O)N1C[C@H]2[C@@H]([C@H]1C(=O)N[C@H](C#N)C[C@@H]1CCNC1=O)C2(C)C,9.1,IC50,SARS-CoV-2_Mpro
CHEMBL5208946,Unknown,O=C(NCc1ccco1)C1CN(C(=O)c2cc(=O)[nH]c(=O)[nH]2)CCN1.O=C(O)C(F)(F)F,8.1,IC50,SARS-CoV-2_Mpro
CHEMBL5174111,Unknown,O=C(NCc1cccs1)[C@@H]1CN(C(=O)c2cccnc2)CCN1c1ccc(Cl)c(Cl)c1,9.4,IC50,SARS-CoV-2_Mpro
CHEMBL5183847,ENSITRELVIR,Cn1cnc(Cn2c(=O)[nH]/c(=N\c3cc4cn(C)nc4cc3Cl)n(Cc3cc(F)c(F)cc3F)c2=O)n1,10.89,IC50,SARS-CoV-2_Mpro
CHEMBL5082224,Unknown,O=C(c1cc(=O)[nH]c(=O)[nH]1)N1CCN(c2ccc(Cl)c(Cl)c2)CC1,8.29,IC50,SARS-CoV-2_Mpro
CHEMBL5188908,Unknown,O=C(NCc1cccs1)[C@@H]1CN(C(=O)c2cc(=O)[nH]c(=O)[nH]2)CCN1Cc1ccc(Cl)cc1Cl,9.36,IC50,SARS-CoV-2_Mpro
CHEMBL5188502,Unknown,O=C(NCc1cccs1)[C@@H]1CN(C(=O)c2cncc3ccccc23)CCN1c1ccc(Cl)c(Cl)c1,9.36,IC50,SARS-CoV-2_Mpro
CHEMBL5201620,Unknown,O=C(NCc1ccco1)C1CN(C(=O)c2cc(=O)[nH]c(=O)[nH]2)CCN1c1ccc(Cl)c(Cl)c1,9.1,IC50,SARS-CoV-2_Mpro
CHEMBL5172248,Unknown,O=C(NCc1cccs1)C1CN(C(=O)c2cc(=O)[nH]c(=O)[nH]2)CCN1c1ccc(Cl)c(Cl)c1,9.21,IC50,SARS-CoV-2_Mpro
CHEMBL5180494,Unknown,O=C(NCc1ccco1)[C@H]1CN(C(=O)c2cc(=O)[nH]c(=O)[nH]2)CCN1c1ccc(Cl)c(Cl)c1,8.53,IC50,SARS-CoV-2_Mpro
CHEMBL5192350,Unknown,O=C(NCc1ccco1)[C@@H]1CN(C(=O)c2cc(=O)[nH]c(=O)[nH]2)CCN1c1ccc(Cl)c(Cl)c1,9.46,IC50,SARS-CoV-2_Mpro
CHEMBL5204987,Unknown,O=C(NCc1cccs1)[C@@H]1CN(C(=O)c2cc(=O)[nH]c(=O)[nH]2)CCN1c1ccc(Cl)c(Cl)c1,9.4,IC50,SARS-CoV-2_Mpro
CHEMBL5181886,Unknown,O=C(NCc1ccco1)C1CN(C(=O)c2cc(=O)[nH]c(=O)[nH]2)CCN1Cc1ccc(Cl)cc1Cl,9.23,IC50,SARS-CoV-2_Mpro
CHEMBL5188982,Unknown,O=C(NCc1ccco1)[C@@H]1CN(C(=O)c2cc(=O)[nH]c(=O)[nH]2)CCN1Cc1ccc(Cl)cc1Cl,9.32,IC50,SARS-CoV-2_Mpro
CHEMBL5180524,Unknown,O=c1[nH]cc(-c2cc(-c3cc(Cl)cc(OCc4ccccc4Cl)c3)c(=O)n(-c3cccnc3)c2)c(=O)[nH]1,7.75,IC50,SARS-CoV-2_Mpro
CHEMBL5200851,Unknown,C[C@H](NC(=O)[C@@H](c1cccnc1)N(C(=O)CCl)c1ccc(-n2cccc2)cc1)c1ccccc1,7.3,IC50,SARS-CoV-2_Mpro
CHEMBL5173559,Unknown,C[C@H](NC(=O)[C@@H](c1cccnc1)N(C(=O)C(Cl)Cl)c1ccc(-c2ccccc2)cc1)c1ccccc1,6.37,IC50,SARS-CoV-2_Mpro
CHEMBL3605457,Unknown,CCS(=O)(=O)N1CCC([C@@H](C)n2c(C)c(C(=O)NCc3c(OC)cc(C)[nH]c3=O)c3ccccc32)CC1,5.14,IC50,SARS-CoV-2_Mpro
CHEMBL549695,Unknown,Cc1ccc(N)cc1C(=O)N[C@H](C)c1cccc2ccccc12,6.22,IC50,SARS-CoV-2_Mpro
CHEMBL5077800,Unknown,Cc1ccc(NC2CNC2)cc1C(=O)N[C@H](C)c1cccc2ccccc12,6.0,IC50,SARS-CoV-2_Mpro
CHEMBL5071508,Unknown,Cc1ccc(NC2CNC2)cc1C(=O)N[C@H](C)c1cccc(-c2cccs2)c1,6.23,IC50,SARS-CoV-2_Mpro
CHEMBL5179681,Unknown,Cc1ccc(NC2CNC2)cc1C(=O)N[C@H](C)c1cccc(-c2ccc(C(=O)NCC3CCO3)s2)c1,6.09,IC50,SARS-CoV-2_Mpro
CHEMBL5183676,Unknown,Cc1ccc(NC2CNC2)cc1C(=O)N[C@H](C)c1cccc(-c2ccc(CN3CC[C@H](O)C3)s2)c1,6.16,IC50,SARS-CoV-2_Mpro
CHEMBL5185454,Unknown,Cc1ccc(NC2CNC2)cc1C(=O)N[C@H](C)c1cccc(-c2ccc(CN3CC[C@@H](O)C3)s2)c1,6.19,IC50,SARS-CoV-2_Mpro
CHEMBL5183892,Unknown,Cc1ccc(NC2CNC2)cc1C(=O)N[C@H](C)c1cccc(-c2ccc(CN[C@@H]3CCOC3)s2)c1,6.48,IC50,SARS-CoV-2_Mpro
CHEMBL5199419,Unknown,Cc1ccc(NC2CNC2)cc1C(=O)N[C@H](C)c1cccc(-c2ccc(CN[C@H]3CCOC3)s2)c1,6.21,IC50,SARS-CoV-2_Mpro
CHEMBL5171009,Unknown,Cc1ccc(NC2CNC2)cc1C(=O)N[C@H](C)c1cccc(-c2ccc(CNC[C@H]3CCCO3)s2)c1,6.12,IC50,SARS-CoV-2_Mpro
CHEMBL5201060,Unknown,Cc1ccc(NC2CNC2)cc1C(=O)N[C@H](C)c1cccc(-c2ccc(C(=O)O)s2)c1,6.01,IC50,SARS-CoV-2_Mpro
CHEMBL5173688,Unknown,COC(=O)c1ccc(-c2cccc([C@@H](C)NC(=O)c3cc(NC4CNC4)ccc3C)c2)s1,6.09,IC50,SARS-CoV-2_Mpro
CHEMBL5179021,Unknown,Cc1ccc(NC2CNC2)cc1C(=O)N[C@H](C)c1cccc(-c2ccc(CNC3CCC(O)C3)s2)c1,6.77,IC50,SARS-CoV-2_Mpro
CHEMBL5085659,Unknown,CC(=O)NCc1ccc(-c2cccc([C@@H](C)NC(=O)c3cc(NC4CNC4)ccc3C)c2)s1,6.43,IC50,SARS-CoV-2_Mpro
CHEMBL5175433,Unknown,Cc1ccc(NC2CNC2)cc1C(=O)N[C@H](C)c1cccc(-c2ccc(CNC3CCNC3=O)s2)c1,6.19,IC50,SARS-CoV-2_Mpro
CHEMBL5085054,Unknown,Cc1ccc(NC2CNC2)cc1C(=O)N[C@H](C)c1cccc(-c2ccc(CN[C@@H]3CC[C@H](O)C3)s2)c1,6.68,IC50,SARS-CoV-2_Mpro
CHEMBL5207904,Unknown,Cc1ccc(NC2CNC2)cc1C(=O)N[C@H](C)c1cccc(-c2ccc(CN[C@@H]3CC[C@@H](O)C3)s2)c1,6.37,IC50,SARS-CoV-2_Mpro
CHEMBL5079592,Unknown,Cc1ccc(NC2CNC2)cc1C(=O)N[C@H](C)c1cccc(-c2ccc(CN[C@H]3CC[C@@H](O)C3)s2)c1,6.95,IC50,SARS-CoV-2_Mpro
CHEMBL5208693,Unknown,Cc1ccc(NC2CNC2)cc1C(=O)N[C@H](C)c1cccc(-c2ccc(CN[C@H]3CC[C@H](O)C3)s2)c1,6.6,IC50,SARS-CoV-2_Mpro
CHEMBL5093083,Unknown,Cc1ccc(N(C)C2CNC2)cc1C(=O)N[C@H](C)c1cccc2ccccc12,5.62,IC50,SARS-CoV-2_Mpro
CHEMBL5072144,Unknown,Cc1ccc(N(C)C2CNC2)cc1C(=O)N[C@H](C)c1nccc2ccccc12,4.25,IC50,SARS-CoV-2_Mpro
CHEMBL5073830,Unknown,Cc1ccc(NC2CCNCC2)cc1C(=O)N[C@H](C)c1cccc2ccccc12,6.22,IC50,SARS-CoV-2_Mpro
CHEMBL5180299,Unknown,Cc1ccc(NC2CCN(C)CC2)cc1C(=O)N[C@H](C)c1cccc2ccccc12,6.16,IC50,SARS-CoV-2_Mpro
CHEMBL5182901,Unknown,Cc1ccc(NC(=O)C2CCNCC2)cc1C(=O)N[C@H](C)c1cccc2ccccc12,6.1,IC50,SARS-CoV-2_Mpro
CHEMBL5177666,Unknown,CCCCC(=O)Nc1ccc(C)c(C(=O)N[C@H](C)c2cccc3ccccc23)c1,4.9,IC50,SARS-CoV-2_Mpro
CHEMBL5172181,Unknown,C=CC(=O)Nc1ccc(C)c(C(=O)N[C@H](C)c2cccc3ccccc23)c1,5.19,IC50,SARS-CoV-2_Mpro
CHEMBL5197139,Unknown,Cc1ccc(NC(=O)NC(N)=O)cc1C(=O)N[C@H](C)c1cccc2ccccc12,5.29,IC50,SARS-CoV-2_Mpro
CHEMBL5172897,Unknown,Cc1ccc(NC(=O)Oc2ccc([N+](=O)[O-])cc2)cc1C(=O)N[C@H](C)c1cccc2ccccc12,5.16,IC50,SARS-CoV-2_Mpro
CHEMBL5171621,Unknown,CCCCNC(=O)Nc1ccc(C)c(C(=O)N[C@H](C)c2cccc3ccccc23)c1,4.78,IC50,SARS-CoV-2_Mpro
CHEMBL5175380,Unknown,Nc1cc(C(=O)Nc2cccc3ccccc23)cc(C(F)(F)F)c1,4.37,IC50,SARS-CoV-2_Mpro
CHEMBL5175329,Unknown,Cc1cc(N)ccc1C(=O)N[C@H](C)c1cccc2ccccc12,5.12,IC50,SARS-CoV-2_Mpro
CHEMBL5170174,Unknown,Cc1ccc(N(C)C)cc1C(=O)N[C@H](C)c1cccc2ccccc12,5.0,IC50,SARS-CoV-2_Mpro
CHEMBL5187526,Unknown,Cc1cc(NS(C)(=O)=O)ccc1C(=O)N[C@H](C)c1cccc2ccccc12,5.0,IC50,SARS-CoV-2_Mpro
CHEMBL5199721,Unknown,C[C@H](c1cccc2ccccc12)N1Cc2ccccc2C1,5.12,IC50,SARS-CoV-2_Mpro
CHEMBL5180056,Unknown,C[C@@H](NC(=O)c1ccccc1Cl)c1cccc2ccccc12,4.82,IC50,SARS-CoV-2_Mpro
CHEMBL5200289,Unknown,Cc1ccsc1C(=O)N[C@H](C)c1cccc2ccccc12,4.38,IC50,SARS-CoV-2_Mpro
CHEMBL5174096,Unknown,CC(c1ccccc1Cl)N(C)Cc1cc(O)ccc1Cl,5.14,IC50,SARS-CoV-2_Mpro
CHEMBL5183725,Unknown,Cc1ccccc1[C@@H](C)N(C)Cc1cc(O)ccc1Cl,5.18,IC50,SARS-CoV-2_Mpro
CHEMBL5174607,Unknown,C[C@H](c1cccc2ccccc12)N(C)Cc1cccc2[nH]ccc12,6.21,IC50,SARS-CoV-2_Mpro
CHEMBL5207076,Unknown,C[C@H](c1cccc2ccccc12)N(C)Cc1ccc2[nH]ncc2c1,6.18,IC50,SARS-CoV-2_Mpro
CHEMBL5182315,Unknown,C[C@H](c1cccc2ccccc12)N(C)Cc1c[nH]c2ccccc12,6.17,IC50,SARS-CoV-2_Mpro
CHEMBL5200707,Unknown,Cc1ccc(O)cc1CN(C)[C@H](C)c1cccc2ccccc12,6.06,IC50,SARS-CoV-2_Mpro
CHEMBL5205511,Unknown,Cc1cc(O)ccc1CN(C)[C@H](C)c1cccc2ccccc12,6.05,IC50,SARS-CoV-2_Mpro
CHEMBL5176085,Unknown,C[C@H](c1cccc2ccccc12)N(C)Cc1ccc(O)cc1Cl,6.1,IC50,SARS-CoV-2_Mpro
CHEMBL5184650,Unknown,COc1cc(O)ccc1CN(C)[C@H](C)c1cccc2ccccc12,6.24,IC50,SARS-CoV-2_Mpro
CHEMBL5174085,Unknown,Cc1ccc(N)cc1CN(C)[C@H](C)c1cccc2ccccc12,6.0,IC50,SARS-CoV-2_Mpro
CHEMBL5173886,Unknown,C[C@H](c1cccc2ccccc12)N(C)Cc1ccc(O)cc1,6.17,IC50,SARS-CoV-2_Mpro
CHEMBL3233815,Unknown,C[C@H](c1cccc2ccccc12)N1CCC(C(=O)NCc2cccc(F)c2)CC1,5.76,IC50,SARS-CoV-2_Mpro
CHEMBL3233809,Unknown,CC(=O)Nc1cccc(CNC(=O)C2CCN([C@H](C)c3cccc4ccccc34)CC2)c1,5.7,IC50,SARS-CoV-2_Mpro
CHEMBL3233822,Unknown,COc1cc(CNC(=O)C2CCN([C@H](C)c3cccc4ccccc34)CC2)ccn1,5.73,IC50,SARS-CoV-2_Mpro
CHEMBL5192637,Unknown,CC(=O)Nc1cc(F)cc(CNC(=O)C2CCN([C@H](C)c3cccc4ccccc34)CC2)c1,5.95,IC50,SARS-CoV-2_Mpro
CHEMBL5171052,Unknown,C[C@H](c1cccc2ccccc12)N1CCC(C(=O)NCC2CCN(C)CC2)CC1,5.67,IC50,SARS-CoV-2_Mpro
CHEMBL5175589,Unknown,C[C@H](c1cccc2ccccc12)N1CCC(C(=O)NCc2cccc(NC(=O)CN(C)C)c2)CC1,5.86,IC50,SARS-CoV-2_Mpro
CHEMBL5180567,Unknown,C[C@H](c1cccc2ccccc12)N1CCC(C(=O)NCc2cccc(NC(=O)N3CCN(C)CC3)c2)CC1,6.24,IC50,SARS-CoV-2_Mpro
CHEMBL5187162,Unknown,C[C@H](c1cccc2ccccc12)N1CCC(C(=O)NCc2cc(F)cc(NC(=O)CN(C)C)c2)CC1,6.11,IC50,SARS-CoV-2_Mpro
CHEMBL5191209,Unknown,C[C@H](c1cccc2ccccc12)N1CCC(C(=O)NCc2cc(F)cc(NC(=O)N3CCN(C)CC3)c2)CC1,6.58,IC50,SARS-CoV-2_Mpro
CHEMBL5075209,Unknown,CC(C)(C)OC(=O)Nc1cccn([C@@H](CC2CC2)C(=O)N[C@@H](C[C@@H]2CCNC2=O)C(=O)C(=O)NCc2ccccc2)c1=O,6.92,IC50,SARS-CoV-2_Mpro
CHEMBL5198567,Unknown,CC(C)(C)OC(=O)Nc1cccn(C(CC2CC2)C(=O)N[C@@H](C[C@@H]2CCNC2=O)C(=O)C(=O)NCc2ccccc2)c1=O,6.42,IC50,SARS-CoV-2_Mpro
CHEMBL5198073,Unknown,COc1cccc2[nH]c(C(=O)N[C@@H](CC(C)C)C(=O)NN(C[C@@H]3CCNC3=O)C(=O)[C@H](F)Cl)cc12,8.02,IC50,SARS-CoV-2_Mpro
CHEMBL5179778,Unknown,CC(C)C[C@H](NC(=O)c1cc2c(F)cccc2[nH]1)C(=O)NN(C[C@@H]1CCNC1=O)C(=O)[C@H](F)Cl,8.42,IC50,SARS-CoV-2_Mpro
CHEMBL5190754,Unknown,CC(C)C[C@H](NC(=O)c1cc2c(F)cccc2[nH]1)C(=O)NN(C[C@@H]1CCNC1=O)C(=O)[C@@H](F)Cl,7.55,IC50,SARS-CoV-2_Mpro
CHEMBL5179611,Unknown,CC(C)C[C@H](NC(=O)c1cc2c(F)cccc2[nH]1)C(=O)NN(C[C@H]1CCNC1=O)C(=O)[C@H](F)Cl,8.32,IC50,SARS-CoV-2_Mpro
CHEMBL5195394,Unknown,COc1cccc2[nH]c(C(=O)N[C@@H](CC(C)C)C(=O)NN(C[C@H]3CCNC3=O)C(=O)[C@H](F)Cl)cc12,7.81,IC50,SARS-CoV-2_Mpro
CHEMBL5197241,Unknown,CC(C)C[C@H](NC(=O)c1cc2c(F)cccc2[nH]1)C(=O)NN(C[C@H]1CCNC1=O)C(=O)[C@@H](F)Cl,6.33,IC50,SARS-CoV-2_Mpro
CHEMBL5172924,Unknown,CC(=O)N(C[C@@H]1CCNC1=O)NC(=O)[C@H](CC(C)C)NC(=O)c1cc2c(F)cccc2[nH]1,6.48,IC50,SARS-CoV-2_Mpro
CHEMBL5194970,Unknown,O=C(CSc1nc2cc(Cl)ccc2n1Cc1ccccc1)N1CCNC1=O,4.62,IC50,SARS-CoV-2_Mpro
CHEMBL5177181,Unknown,O=C(CSc1nc2cc(Cl)ccc2n1Cc1ccccc1)N1CCOC1=O,4.21,IC50,SARS-CoV-2_Mpro
CHEMBL5170254,Unknown,CC(C)(C)c1ccc2c(c1)nc(SCC(=O)N1CCOC1=O)n2Cc1ccccc1,4.46,IC50,SARS-CoV-2_Mpro
CHEMBL5184754,Unknown,O=C1NCCN1C(=O)C(Cc1ccccc1)Sc1nc2cc(Cl)ccc2n1Cc1ccccc1,4.52,IC50,SARS-CoV-2_Mpro
CHEMBL5194113,Unknown,Cc1ccc2c(c1)nc(SC(Cc1ccccc1)C(=O)N1CCNC1=O)n2Cc1ccccc1,4.49,IC50,SARS-CoV-2_Mpro
CHEMBL5191524,Unknown,O=C1OCCN1C(=O)C(Cc1ccccc1)Sc1nc2cc(Cl)ccc2n1Cc1ccccc1,4.57,IC50,SARS-CoV-2_Mpro
CHEMBL5182801,Unknown,Cc1ccc2c(c1)nc(SC(Cc1ccccc1)C(=O)N1CCOC1=O)n2Cc1ccccc1,4.44,IC50,SARS-CoV-2_Mpro
CHEMBL5186585,Unknown,CC(C)(C)c1ccc2c(c1)nc(SC(Cc1ccccc1)C(=O)N1CCOC1=O)n2Cc1ccccc1,4.53,IC50,SARS-CoV-2_Mpro
CHEMBL5179857,Unknown,O=C1OCCN1C(=O)C(Cc1ccco1)Sc1nc2cc(Cl)ccc2n1Cc1ccccc1,4.83,IC50,SARS-CoV-2_Mpro
CHEMBL5205104,Unknown,O=C1OCCN1C(=O)C(Cc1ccco1)Sc1nc2ccc(Cl)cc2n1Cc1ccccc1,4.28,IC50,SARS-CoV-2_Mpro
CHEMBL5196969,Unknown,COc1ccc2nc(SC(Cc3ccco3)C(=O)N3CCOC3=O)n(Cc3ccccc3)c2c1,4.27,IC50,SARS-CoV-2_Mpro
CHEMBL5202324,Unknown,O=C1OCCN1C(=O)C(Cc1ccco1)Sc1nc2ccc(O)cc2n1Cc1ccccc1,4.25,IC50,SARS-CoV-2_Mpro
CHEMBL5179950,Unknown,O=C(CSc1nc2cc(Cl)c(Cl)cc2n1Cc1ccccc1)N1CCOC1=O,4.53,IC50,SARS-CoV-2_Mpro
CHEMBL5172920,Unknown,COc1cc2c(cc1Cl)nc(SCC(=O)N1CCOC1=O)n2Cc1ccccc1,4.28,IC50,SARS-CoV-2_Mpro
CHEMBL5202164,Unknown,O=C(CSc1nc2cc(Cl)c(O)cc2n1Cc1ccccc1)N1CCOC1=O,4.45,IC50,SARS-CoV-2_Mpro
CHEMBL5189428,Unknown,O=C1OCCN1C(=O)C(Cc1ccco1)Sc1nc2cc(Cl)c(Cl)cc2n1Cc1ccccc1,4.51,IC50,SARS-CoV-2_Mpro
CHEMBL5201497,Unknown,COc1cc2c(cc1Cl)nc(SC(Cc1ccco1)C(=O)N1CCOC1=O)n2Cc1ccccc1,4.56,IC50,SARS-CoV-2_Mpro
CHEMBL5205913,Unknown,O=C1OCCN1C(=O)C(Cc1ccco1)Sc1nc2cc(Cl)c(O)cc2n1Cc1ccccc1,4.34,IC50,SARS-CoV-2_Mpro
CHEMBL5171142,Unknown,COCCn1c(C(=O)NCC(O)c2ccccc2)nc2ccccc2c1=O,4.27,IC50,SARS-CoV-2_Mpro
CHEMBL5202866,Unknown,CC(C)[C@H](NC(=O)OCc1ccccc1)C(=O)N[C@@H](CC(C)(C)C)C(=O)N[C@H](C=O)C[C@@H]1CCNC1=O,7.75,IC50,SARS-CoV-2_Mpro
CHEMBL5178875,Unknown,C=C(C)C[C@H](NC(=O)[C@@H](NC(=O)OCc1ccccc1)C(C)C)C(=O)N[C@H](C=O)C[C@@H]1CCNC1=O,7.96,IC50,SARS-CoV-2_Mpro
CHEMBL5205477,Unknown,CC(C)[C@H](NC(=O)OCc1ccccc1)C(=O)N[C@@H](CC1CC1)C(=O)N[C@H](C=O)C[C@@H]1CCNC1=O,8.32,IC50,SARS-CoV-2_Mpro
CHEMBL5189578,Unknown,CC(C)[C@H](NC(=O)OCc1ccccc1)C(=O)N[C@@H](Cc1ccco1)C(=O)N[C@H](C=O)C[C@@H]1CCNC1=O,8.28,IC50,SARS-CoV-2_Mpro
CHEMBL5190267,Unknown,C[C@@H](OC(C)(C)C)[C@H](NC(=O)OCc1ccccc1)C(=O)N[C@@H](CC(C)(C)C)C(=O)N[C@H](C=O)C[C@@H]1CCNC1=O,6.82,IC50,SARS-CoV-2_Mpro
CHEMBL5176166,Unknown,C[C@@H](OC(C)(C)C)[C@H](NC(=O)OCc1ccccc1)C(=O)N[C@@H](CC1CC1)C(=O)N[C@H](C=O)C[C@@H]1CCNC1=O,7.22,IC50,SARS-CoV-2_Mpro
CHEMBL5203715,Unknown,CC(C)(C)C[C@H](NC(=O)[C@@H](NC(=O)OCc1ccccc1)C(C)(C)C)C(=O)N[C@H](C=O)C[C@@H]1CCNC1=O,7.44,IC50,SARS-CoV-2_Mpro
CHEMBL5178556,Unknown,CC(C)(C)[C@H](NC(=O)OCc1ccccc1)C(=O)N[C@@H](CC1CC1)C(=O)N[C@H](C=O)C[C@@H]1CCNC1=O,7.89,IC50,SARS-CoV-2_Mpro
CHEMBL5185670,Unknown,CC(C)(C)C[C@H](NC(=O)[C@@H](NC(=O)OCc1ccccc1)C1CC1)C(=O)N[C@H](C=O)C[C@@H]1CCNC1=O,7.8,IC50,SARS-CoV-2_Mpro
CHEMBL5169820,Unknown,CC(C)[C@](C)(NC(=O)OCc1ccccc1)C(=O)N[C@@H](CC(C)(C)C)C(=O)N[C@H](C=O)C[C@@H]1CCNC1=O,7.11,IC50,SARS-CoV-2_Mpro
CHEMBL5204033,Unknown,CC(C)(C)C[C@H](NC(=O)C(C)(C)NC(=O)OCc1ccccc1)C(=O)N[C@H](C=O)C[C@@H]1CCNC1=O,7.31,IC50,SARS-CoV-2_Mpro
CHEMBL5199403,Unknown,O=C[C@H](C[C@@H]1CCNC1=O)NC(=O)[C@H](CC1CCCCC1)NC(=O)C1(NC(=O)OCc2ccccc2)CC1,6.46,IC50,SARS-CoV-2_Mpro
CHEMBL5208464,Unknown,O=C[C@H](C[C@@H]1CCNC1=O)NC(=O)[C@H](CC1CC1)NC(=O)[C@@H](NC(=O)OCc1ccccc1)C1CC1,8.08,IC50,SARS-CoV-2_Mpro
CHEMBL5193629,Unknown,C[C@@H](OC(C)(C)C)[C@H](NC(=O)OCc1cccc(Cl)c1)C(=O)N[C@@H](CC1CCCCC1)C(=O)N[C@H](C=O)C[C@@H]1CCNC1=O,6.19,IC50,SARS-CoV-2_Mpro
CHEMBL5173899,Unknown,CC(C)C[C@H](NC(=O)[C@@H](NC(=O)OCc1cccc(Cl)c1)[C@@H](C)OC(C)(C)C)C(=O)N[C@H](C=O)C[C@@H]1CCNC1=O,6.28,IC50,SARS-CoV-2_Mpro
CHEMBL5177381,Unknown,CC(C)[C@H](NC(=O)OCc1cccc(Cl)c1)C(=O)N[C@@H](CC1CCCCC1)C(=O)N[C@H](C=O)C[C@@H]1CCNC1=O,6.8,IC50,SARS-CoV-2_Mpro
CHEMBL5203726,Unknown,CC(C)C[C@H](NC(=O)[C@@H](NC(=O)c1cc2ccccc2[nH]1)C(C)C)C(=O)N[C@H](C=O)C[C@@H]1CCNC1=O,7.28,IC50,SARS-CoV-2_Mpro
CHEMBL5201264,Unknown,CC(C)(C)[C@H](NC(=O)C(F)(F)F)C(=O)N1C[C@H]2[C@@H]([C@H]1C(=O)N[C@H](C#N)C[C@H]1CCNC1=O)C2(C)C,7.18,IC50,SARS-CoV-2_Mpro
CHEMBL5205992,Unknown,CC(C)C[C@@H](NC(=O)OCc1ccccc1)C(=O)N[C@H](CC1CCNC1=O)C(O)S(=O)(=O)[O-].[Na+],7.52,IC50,SARS-CoV-2_Mpro
CHEMBL5171771,Unknown,CC(C)C[C@H](NC(=O)[C@@H](NC(=O)OCc1ccccc1)C(C)C)C(=O)N[C@H](C=O)C[C@@H]1CCNC1=O,8.07,IC50,SARS-CoV-2_Mpro
CHEMBL5183770,Unknown,CC(C)[C@H](NC(=O)OCc1ccccc1)C(=O)N[C@@H](Cc1ccccc1)C(=O)N[C@H](C=O)C[C@@H]1CCNC1=O,7.82,IC50,SARS-CoV-2_Mpro
CHEMBL5202077,Unknown,CC(C)[C@H](NC(=O)OCc1ccccc1)C(=O)N[C@@H](CC1CCCCC1)C(=O)N[C@H](C=O)C[C@@H]1CCNC1=O,7.48,IC50,SARS-CoV-2_Mpro
CHEMBL5178763,Unknown,CC(C)C[C@H](NC(=O)[C@@H](NC(=O)OCc1ccccc1)[C@@H](C)OC(C)(C)C)C(=O)N[C@H](C=O)C[C@@H]1CCNC1=O,7.22,IC50,SARS-CoV-2_Mpro
CHEMBL5203900,Unknown,C[C@@H](OC(C)(C)C)[C@H](NC(=O)OCc1ccccc1)C(=O)N[C@@H](Cc1ccccc1)C(=O)N[C@H](C=O)C[C@@H]1CCNC1=O,7.33,IC50,SARS-CoV-2_Mpro
CHEMBL5196043,Unknown,CC(C)(C)NC(=O)N[C@H](C(=O)N1C[C@H]2[C@@H]([C@H]1C(=O)N[C@H](C=O)C[C@@H]1CCNC1=O)C2(C)C)C(C)(C)C,8.03,IC50,SARS-CoV-2_Mpro
CHEMBL5180793,Unknown,CC(C)(C)NC(=O)N[C@H](C(=O)N1C[C@H]2[C@@H]([C@H]1C(=O)N[C@@H](C[C@@H]1CCNC1=O)C(=O)C(N)=O)C2(C)C)C(C)(C)C,7.4,IC50,SARS-CoV-2_Mpro
CHEMBL5175509,Unknown,CC(C)(C)NC(=O)N[C@H](C(=O)N1C[C@H]2[C@@H]([C@H]1C(=O)N[C@@H](C[C@@H]1CCNC1=O)C(=O)C(=O)NC1CC1)C2(C)C)C(C)(C)C,6.44,IC50,SARS-CoV-2_Mpro
CHEMBL5203173,Unknown,CC(C)(C)NC(=O)N[C@H](C(=O)N1C[C@H]2[C@@H]([C@H]1C(=O)N[C@@H](C[C@@H]1CCNC1=O)C(=O)C(=O)NCC1CC1)C2(C)C)C(C)(C)C,6.21,IC50,SARS-CoV-2_Mpro
CHEMBL5203431,Unknown,CCNC(=O)C(=O)[C@H](C[C@@H]1CCNC1=O)NC(=O)[C@@H]1[C@@H]2[C@H](CN1C(=O)[C@@H](NC(=O)NC(C)(C)C)C(C)(C)C)C2(C)C,7.12,IC50,SARS-CoV-2_Mpro
CHEMBL5179663,Unknown,CCCCNC(=O)C(=O)[C@H](C[C@@H]1CCNC1=O)NC(=O)[C@@H]1[C@@H]2[C@H](CN1C(=O)[C@@H](NC(=O)NC(C)(C)C)C(C)(C)C)C2(C)C,6.43,IC50,SARS-CoV-2_Mpro
CHEMBL5170923,Unknown,CCCCCCNC(=O)C(=O)[C@H](C[C@@H]1CCNC1=O)NC(=O)[C@@H]1[C@@H]2[C@H](CN1C(=O)[C@@H](NC(=O)NC(C)(C)C)C(C)(C)C)C2(C)C,6.14,IC50,SARS-CoV-2_Mpro
CHEMBL5200532,Unknown,CC(C)(C)NC(=O)N[C@H](C(=O)N1C[C@H]2[C@@H]([C@H]1C(=O)N[C@@H](C[C@@H]1CCNC1=O)C(=O)C(=O)NCc1ccccc1)C2(C)C)C(C)(C)C,6.92,IC50,SARS-CoV-2_Mpro
CHEMBL5197166,Unknown,CC(C)(C)NC(=O)N[C@H](C(=O)N1CC2(CC2)C[C@H]1C(=O)N[C@H](C=O)C[C@@H]1CCNC1=O)C(C)(C)C,7.64,IC50,SARS-CoV-2_Mpro
CHEMBL5206924,Unknown,CC(C)(C)C[C@H](NC(=O)[C@@H](NC(=O)NC(C)(C)C)C(C)(C)C)C(=O)N[C@H](C=O)C[C@@H]1CCNC1=O,7.77,IC50,SARS-CoV-2_Mpro
CHEMBL5182608,Unknown,CC(C)(C)NC(=O)N[C@H](C(=O)N[C@@H](CC1CC1)C(=O)N[C@H](C=O)C[C@@H]1CCNC1=O)C(C)(C)C,7.58,IC50,SARS-CoV-2_Mpro
CHEMBL5206180,Unknown,CC(C)(C)CC(=O)N[C@H](C(=O)N1C[C@H]2[C@@H]([C@H]1C(=O)N[C@H](C=O)C[C@@H]1CCNC1=O)C2(C)C)C(C)(C)C,6.75,IC50,SARS-CoV-2_Mpro
CHEMBL5204666,Unknown,CC(C)(C)CC(=O)N[C@H](C(=O)N1C[C@H]2[C@@H]([C@H]1C(=O)N[C@@H](C[C@@H]1CCNC1=O)C(=O)C(N)=O)C2(C)C)C(C)(C)C,6.82,IC50,SARS-CoV-2_Mpro
CHEMBL5184261,Unknown,CC(C)CC(=O)N[C@H](C(=O)N1C[C@H]2[C@@H]([C@H]1C(=O)N[C@H](C=O)C[C@@H]1CCNC1=O)C2(C)C)C(C)(C)C,7.66,IC50,SARS-CoV-2_Mpro
CHEMBL5187437,Unknown,CC(C)(C)OC(=O)N[C@H](C(=O)N1C[C@H]2[C@@H]([C@H]1C(=O)N[C@H](C=O)C[C@@H]1CCNC1=O)C2(C)C)C(C)(C)C,7.35,IC50,SARS-CoV-2_Mpro
CHEMBL5183731,Unknown,CC(C)(C)[C@H](NC(=O)OCc1ccccc1)C(=O)N1C[C@H]2[C@@H]([C@H]1C(=O)N[C@H](C=O)C[C@@H]1CCNC1=O)C2(C)C,7.23,IC50,SARS-CoV-2_Mpro
CHEMBL5207867,Unknown,C[C@@H](OC(C)(C)C)[C@H](NC(=O)NC(C)(C)C)C(=O)N[C@@H](CC1CCCCC1)C(=O)N[C@H](C=O)C[C@@H]1CCNC1=O,7.01,IC50,SARS-CoV-2_Mpro
CHEMBL5176816,Unknown,C[C@@H](OC(C)(C)C)[C@H](NC(=O)OCc1ccccc1)C(=O)N1C[C@H]2[C@@H]([C@H]1C(=O)N[C@H](C=O)C[C@@H]1CCNC1=O)C2(C)C,6.92,IC50,SARS-CoV-2_Mpro
CHEMBL5176204,Unknown,CC(C)(C)CC(=O)N[C@H](C(=O)N1C[C@H]2[C@@H]([C@H]1C(=O)N[C@H](C#N)C[C@@H]1CCNC1=O)C2(C)C)C(C)(C)C,6.14,IC50,SARS-CoV-2_Mpro
CHEMBL5205883,Unknown,N=C(N)Nc1ccc2c(c1)B(O)OC2,5.0,IC50,SARS-CoV-2_Mpro
CHEMBL5198559,Unknown,N=C(N)Nc1ccc(C(=O)Nc2ccc3c(c2)B(O)OC3)cc1,4.86,IC50,SARS-CoV-2_Mpro
CHEMBL5199388,Unknown,O=C(Nc1ccc2c(c1)B(O)OC2)c1cccc(OCc2ccccc2)c1,5.21,IC50,SARS-CoV-2_Mpro
CHEMBL5181062,Unknown,O=C(Nc1ccc2c(c1)B(O)OC2)c1cccc(NCc2ccccc2)c1,4.25,IC50,SARS-CoV-2_Mpro
CHEMBL5200317,Unknown,O=C(Nc1cccc(C(=O)Nc2ccc3c(c2)B(O)OC3)c1)c1ccccc1,4.28,IC50,SARS-CoV-2_Mpro
CHEMBL468553,Unknown,O=C(Oc1cncc(Cl)c1)c1cccs1,5.77,IC50,SARS-CoV-2_Mpro
CHEMBL5187156,Unknown,O=C(Nc1ccc2c(c1)B(O)OC2)c1cccc(OCc2ccccc2)n1,4.42,IC50,SARS-CoV-2_Mpro
CHEMBL5188282,Unknown,Cc1cccc(COc2cccc(C(=O)Nc3ccc4c(c3)B(O)OC4)c2)c1,4.22,IC50,SARS-CoV-2_Mpro
CHEMBL5189793,Unknown,CC(C)=CCc1cc(/C=C2\OC(=O)C(c3cc4c(cc3O)OC(C)(C)CC4)=C2O)ccc1O,4.99,IC50,SARS-CoV-2_Mpro
CHEMBL5186663,Unknown,CC(C)(O)C1Cc2cc(/C=C3\OC(=O)C(c4cc5c(cc4O)OC(C)(C)C(O)C5)=C3O)ccc2O1,5.03,IC50,SARS-CoV-2_Mpro
CHEMBL5196901,Unknown,CC(C)=CCc1cc(/C=C2\OC(=O)C(c3cc(CCC(C)(C)O)c(O)cc3O)=C2O)ccc1O,5.11,IC50,SARS-CoV-2_Mpro
CHEMBL5207375,Unknown,CC(C)=CCC/C(C)=C/CC[C@]1(C)C=Cc2c(C=O)c(O)c(C)c(O)c2O1,4.68,IC50,SARS-CoV-2_Mpro
CHEMBL5208498,Unknown,Cn1cnc(Cn2c(=O)nc(Nc3cc4c(F)n(C)nc4cc3Cl)n(Cc3cc(F)c(F)cc3F)c2=O)n1,7.72,IC50,SARS-CoV-2_Mpro
CHEMBL5194350,Unknown,CCn1cc2cc(Nc3nc(=O)n(Cc4ncn(C)n4)c(=O)n3Cc3cc(F)c(F)cc3F)c(Cl)cc2n1,7.85,IC50,SARS-CoV-2_Mpro
CHEMBL5201925,Unknown,Cn1cnc(Cn2c(=O)nc(Nc3cc4cn(CC(F)F)nc4cc3Cl)n(Cc3cc(F)c(F)cc3F)c2=O)n1,8.05,IC50,SARS-CoV-2_Mpro
CHEMBL5188818,Unknown,Cn1cnc(Cn2c(=O)nc(Nc3cc4cn(C)nc4cc3Cl)n(Cc3cc(Cl)c(F)cc3F)c2=O)n1,8.3,IC50,SARS-CoV-2_Mpro
CHEMBL5207127,Unknown,Cn1cnc(Cn2c(=O)nc(Nc3cc4cn(C)nc4cc3Cl)n(Cc3cc(F)c(F)c(F)c3)c2=O)n1,8.0,IC50,SARS-CoV-2_Mpro
CHEMBL5185732,Unknown,Cn1cnc(Cn2c(=O)nc(NC3=CC4CCOC4C=C3Cl)n(Cc3cc(F)c(F)c(F)c3)c2=O)n1,7.82,IC50,SARS-CoV-2_Mpro
CHEMBL5206128,Unknown,Cn1cnc(Cn2c(=O)nc(Nc3cc4cn(C)nc4cc3Cl)n(Cc3cc(Cl)c(F)c(Cl)c3)c2=O)n1,8.3,IC50,SARS-CoV-2_Mpro
CHEMBL5192777,Unknown,Cn1cnc(Cn2c(=O)nc(Nc3cc4cn(C)nc4cc3Cl)n(Cc3cc(F)c(F)c(F)c3F)c2=O)n1,8.0,IC50,SARS-CoV-2_Mpro
CHEMBL5203920,Unknown,Cn1cnc(Cn2c(=O)nc(Nc3cc4cn(C)nc4cc3Cl)n(Cc3cccc4ccccc34)c2=O)n1,6.11,IC50,SARS-CoV-2_Mpro
CHEMBL5177083,Unknown,Cn1cnc(Cn2c(=O)nc(Nc3cc4cn(C)nc4cc3Cl)n(Cc3cc(F)c(F)c(F)c3)c2=O)c1,8.22,IC50,SARS-CoV-2_Mpro
CHEMBL5197155,Unknown,Cn1cc2cc(Nc3nc(=O)n(Cc4cc5ccsc5[nH]c4=O)c(=O)n3Cc3cc(F)c(F)c(F)c3)c(Cl)cc2n1,8.4,IC50,SARS-CoV-2_Mpro
CHEMBL5187177,Unknown,Cc1cncc(-n2c(=O)nc(Nc3cc4cn(C)nc4cc3Cl)n(Cc3cc(F)c(F)c(F)c3)c2=O)c1,7.85,IC50,SARS-CoV-2_Mpro
CHEMBL5195764,Unknown,Cc1cncc(-n2c(=O)nc(Nc3cc4cn(C)nc4cc3Cl)n(Cc3cc(C#N)c(F)cc3C)c2=O)c1,8.7,IC50,SARS-CoV-2_Mpro
CHEMBL5200024,Unknown,Cn1cc2cc(Nc3nc(=O)n(-c4cncc5c4COC5)c(=O)n3Cc3cc(Cl)c(F)cc3F)c(Cl)cc2n1,7.92,IC50,SARS-CoV-2_Mpro
CHEMBL5196584,Unknown,Cc1cncc(-n2c(=O)nc(Nc3cc4cn(C)nc4cc3Cl)n(Cc3cc(F)c(F)cc3F)c2=O)c1,8.05,IC50,SARS-CoV-2_Mpro
CHEMBL5188525,Unknown,Cn1cc2cc(Nc3nc(=O)n(-c4cncc(C(F)(F)F)c4)c(=O)n3Cc3cc(F)c(F)c(F)c3)c(Cl)cc2n1,6.44,IC50,SARS-CoV-2_Mpro
CHEMBL5192363,Unknown,Cn1cc2cc(Nc3nc(=O)n(Cc4cc(Cl)ccn4)c(=O)n3Cc3cc(F)c(F)cc3F)c(Cl)cc2n1,7.0,IC50,SARS-CoV-2_Mpro
CHEMBL5203047,Unknown,CCNC(=O)Cn1c(=O)nc(Nc2cc3cn(C)nc3cc2Cl)n(Cc2cc(F)c(F)c(F)c2)c1=O,6.85,IC50,SARS-CoV-2_Mpro
CHEMBL5208006,Unknown,Cc1cnc(Cn2c(=O)nc(Nc3cc4cn(C)nc4cc3Cl)n(Cc3cc(F)c(F)cc3F)c2=O)nc1,6.58,IC50,SARS-CoV-2_Mpro
CHEMBL5185160,Unknown,COc1cccc2[nH]c(C(=O)N[C@@H](CC(C)C)C(=O)N[C@H](C#N)C[C@@H]3CCCNC3=O)cc12,7.89,IC50,SARS-CoV-2_Mpro
CHEMBL5180730,Unknown,COc1cccc2[nH]c(C(=O)N[C@@H](CC(C)C)C(=O)N[C@H](C#N)C[C@@H]3CCNC3=O)cc12,7.4,IC50,SARS-CoV-2_Mpro
CHEMBL4851462,Unknown,COc1cccc2[nH]c(C(=O)N[C@@H](CC(C)C)C(=O)N[C@H](C=O)C[C@@H]3CCNC3=O)cc12,7.22,IC50,SARS-CoV-2_Mpro
CHEMBL5195798,Unknown,COc1cccc2[nH]c(C(=O)N[C@@H](CC(C)C)C(=O)N[C@@H](C[C@@H]3CCCNC3=O)C(=O)CO)cc12,7.71,IC50,SARS-CoV-2_Mpro
CHEMBL5189649,Unknown,CC(C)C[C@H](NC(=O)c1cc2c3c(ccc2[nH]1)CCO3)C(=O)N[C@H](C#N)C[C@@H]1CCCNC1=O,7.31,IC50,SARS-CoV-2_Mpro
CHEMBL5190756,Unknown,CC(C)C[C@H](NC(=O)c1cc2c(OC(F)(F)F)cccc2[nH]1)C(=O)N[C@H](C#N)C[C@@H]1CCCNC1=O,7.86,IC50,SARS-CoV-2_Mpro
CHEMBL5204224,Unknown,CCOc1cccc2[nH]c(C(=O)N[C@@H](CC(C)C)C(=O)N[C@H](C#N)C[C@@H]3CCCNC3=O)cc12,7.62,IC50,SARS-CoV-2_Mpro
CHEMBL5208639,Unknown,COc1cc(Cl)cc2[nH]c(C(=O)N[C@@H](CC(C)(C)C)C(=O)N[C@H](C#N)C[C@@H]3CCCNC3=O)cc12,7.85,IC50,SARS-CoV-2_Mpro
CHEMBL5170425,Unknown,COc1cc(Cl)cc2[nH]c(C(=O)N[C@@H](CC(C)C)C(=O)N[C@H](C#N)C[C@@H]3CCCNC3=O)cc12,8.04,IC50,SARS-CoV-2_Mpro
CHEMBL2316337,Unknown,CC(C)C[C@H](NC(=O)[C@@H](NC(=O)[C@H](C)NC(=O)OCc1ccccc1)C(C)C)C(=O)N[C@H](C#N)CCC(N)=O,5.34,IC50,SARS-CoV-2_Mpro
CHEMBL5174083,Unknown,C#Cc1ccc2c(ccc3[n+]2C(OC)C[Se]3)c1,5.44,IC50,SARS-CoV-2_Mpro
CHEMBL50894,ALSTERPAULLONE,O=C1Cc2c([nH]c3ccc([N+](=O)[O-])cc23)-c2ccccc2N1,5.82,IC50,SARS-CoV-2_Mpro
CHEMBL296586,KENPAULLONE,O=C1Cc2c([nH]c3ccc(Br)cc23)-c2ccccc2N1,5.82,IC50,SARS-CoV-2_Mpro
CHEMBL5173280,Unknown,C=C1CC[C@H]2[C@@](C)(CCC[C@]2(C)C(=O)O)[C@@H]1C/C=C(\C)[C@@H]1CCc2c(O)c(CC3C(=O)C(C(C)=O)=C(O)C(C)(C)C3O)c(O)c(C(=O)CCC)c2O1,5.25,IC50,SARS-CoV-2_Mpro
CHEMBL5171650,Unknown,C=C1CC[C@H]2[C@@](C)(CCC[C@]2(C)C(=O)O)[C@@H]1C/C=C(\C)[C@H]1CCc2c(O)c(CC3C(=O)C(C(C)=O)=C(O)C(C)(C)C3O)c(O)c(C(=O)CCC)c2O1,5.25,IC50,SARS-CoV-2_Mpro
CHEMBL4175014,Unknown,CCCOc1ccc(-c2cc(OCCN3CCc4cc(OC)c(OC)cc4C3)c3c(OC)cc(OC)cc3n2)cc1,6.38,IC50,SARS-CoV-2_Mpro
CHEMBL5181347,Unknown,CCCOc1ccc(-c2cc(OCCN3CCCCC3)c3c(OC)ccc(OC)c3n2)cc1,5.85,IC50,SARS-CoV-2_Mpro
CHEMBL1595621,Unknown,C=CCn1c(S)nnc1CSc1ccccc1[N+](=O)[O-],7.34,IC50,SARS-CoV-2_Mpro
CHEMBL5174530,Unknown,CC(C)C[C@H](NC(=O)OCc1ccccc1)C(=O)NN(Cc1cc[nH]n1)C(=O)CCl,7.47,IC50,SARS-CoV-2_Mpro
CHEMBL5184792,Unknown,NC(=O)CCN(NC(=O)[C@H](CC1CCCCC1)NC(=O)OCc1ccccc1)C(=O)CCl,8.1,IC50,SARS-CoV-2_Mpro
CHEMBL5193596,Unknown,CC(C)C[C@H](NC(=O)OCc1ccccc1)C(=O)NN(CCC(N)=O)C(=O)CBr,6.27,IC50,SARS-CoV-2_Mpro
CHEMBL5176036,Unknown,CC(C)C[C@H](NC(=O)OCc1ccccc1)C(=O)NN(Cc1c[nH]cn1)C(=O)CCl,7.06,IC50,SARS-CoV-2_Mpro
CHEMBL5173143,Unknown,CC(C)C[C@H](NC(=O)OCc1ccccc1)C(=O)NN(CC1CCCNC1=O)C(=O)CCl,8.3,IC50,SARS-CoV-2_Mpro
CHEMBL5184210,Unknown,CC(C)C[C@H](NC(=O)OCc1ccccc1)C(=O)NN(CC1CCNC1=O)C(=O)CCl,7.77,IC50,SARS-CoV-2_Mpro
CHEMBL5189591,Unknown,CC(C)C[C@H](NC(=O)OCc1ccccc1)C(=O)NN(CCC(N)=O)C(=O)CCl,7.77,IC50,SARS-CoV-2_Mpro
CHEMBL5182294,Unknown,NC(=O)CCN(NC(=O)[C@H](CC1CCCCC1)NC(=O)OCc1ccccc1)C(=O)CF,5.92,IC50,SARS-CoV-2_Mpro
CHEMBL5180774,Unknown,NC(=O)CCN(NC(=O)[C@H](CC1CCCCC1)NC(=O)OCc1ccccc1)C(=O)[C@@H](F)Cl,7.28,IC50,SARS-CoV-2_Mpro
CHEMBL5169690,Unknown,NC(=O)CCN(NC(=O)[C@H](CC1CCCCC1)NC(=O)OCc1ccccc1)C(=O)[C@H](F)Cl,8.7,IC50,SARS-CoV-2_Mpro
CHEMBL5179702,Unknown,CC(C)C[C@H](NC(=O)c1cc2ccccc2[nH]1)C(=O)NN(CCC(N)=O)C(=O)CCl,8.15,IC50,SARS-CoV-2_Mpro
CHEMBL5182106,Unknown,CC(C)C[C@H](NC(=O)c1cc2ccccc2[nH]1)C(=O)NN(C[C@@H]1CCNC1=O)C(=O)CCl,8.4,IC50,SARS-CoV-2_Mpro
CHEMBL5205478,Unknown,CC(C)C[C@H](NC(=O)c1cc2ccccc2[nH]1)C(=O)NN(C[C@H]1CCNC1=O)C(=O)CCl,8.52,IC50,SARS-CoV-2_Mpro
CHEMBL5198234,Unknown,CC(C)C[C@H](NC(=O)c1cc2cnccc2[nH]1)C(=O)NN(CCC(N)=O)C(=O)CCl,7.85,IC50,SARS-CoV-2_Mpro
CHEMBL5208244,Unknown,NC(=O)CCN(NC(=O)[C@H](CC1CCCCC1)NC(=O)c1cc2ccccc2[nH]1)C(=O)CCl,8.7,IC50,SARS-CoV-2_Mpro
CHEMBL5186059,Unknown,Cc1cc(C(=O)N[C@@H](CC2CCCCC2)C(=O)NN(CCC(N)=O)C(=O)CCl)no1,8.4,IC50,SARS-CoV-2_Mpro
CHEMBL5204130,Unknown,O=C(Sc1nncs1)c1cc2ccccc2[nH]1,7.13,Ki,SARS-CoV-2_Mpro
CHEMBL5184334,Unknown,Cc1nnc(SC(=O)c2cc3ccccc3[nH]2)s1,6.21,IC50,SARS-CoV-2_Mpro
CHEMBL5189565,Unknown,Cc1nnc(SC(=O)c2cccc3[nH]ccc23)s1,7.22,IC50,SARS-CoV-2_Mpro
CHEMBL5173920,Unknown,Cc1nnc(SC(=O)c2ccc3[nH]ccc3c2)s1,7.14,IC50,SARS-CoV-2_Mpro
CHEMBL5188939,Unknown,Cc1nnc(SC(=O)c2ccc3cc[nH]c3c2)s1,7.26,IC50,SARS-CoV-2_Mpro
CHEMBL5199191,Unknown,Cc1nnc(SC(=O)c2cccc3cc[nH]c23)s1,6.8,IC50,SARS-CoV-2_Mpro
CHEMBL5199531,Unknown,Cc1nnc(SC(=O)c2cc3ccccc3n2C)s1,6.53,Ki,SARS-CoV-2_Mpro
CHEMBL5204452,Unknown,CSc1nnc(SC(=O)c2cc3ccccc3[nH]2)s1,7.37,Ki,SARS-CoV-2_Mpro
CHEMBL5204064,Unknown,COc1nnc(SC(=O)c2cc3ccccc3[nH]2)s1,7.07,Ki,SARS-CoV-2_Mpro
CHEMBL5207613,Unknown,Cc1nnc(SC(=O)c2cc3ccccc3[nH]2)o1,6.92,Ki,SARS-CoV-2_Mpro
CHEMBL5202104,Unknown,Cc1nnc(SC(=O)c2cc3ccccc3[nH]2)n1C(=O)c1cc2ccccc2[nH]1,7.11,Ki,SARS-CoV-2_Mpro
CHEMBL5189863,Unknown,Cc1nnc(SC(=O)c2cc3ccccc3o2)s1,7.45,Ki,SARS-CoV-2_Mpro
CHEMBL5174547,Unknown,Cc1nnc(SC(=O)c2ccc(Br)o2)s1,6.32,IC50,SARS-CoV-2_Mpro
CHEMBL4855437,Unknown,Cc1nnc(SC(=O)c2ccc(-c3ccccc3)o2)s1,7.46,IC50,SARS-CoV-2_Mpro
CHEMBL5207392,Unknown,Cc1nnc(SC(=O)c2ccc(C#Cc3ccccc3)o2)s1,7.46,Ki,SARS-CoV-2_Mpro
CHEMBL5192027,Unknown,Cc1nnc(SC(=O)c2ccc(-c3ccccc3)[nH]2)s1,6.63,IC50,SARS-CoV-2_Mpro
CHEMBL5191017,Unknown,Cc1nnc(SC(=O)c2ccc3ccccc3c2)s1,7.68,Ki,SARS-CoV-2_Mpro
CHEMBL5169323,Unknown,O=C(Sc1ncccn1)c1cc2ccccc2[nH]1,7.94,IC50,SARS-CoV-2_Mpro
CHEMBL5207081,Unknown,Cc1ccnc(SC(=O)c2cc3ccccc3[nH]2)n1,7.48,Ki,SARS-CoV-2_Mpro
CHEMBL5192248,Unknown,Cc1cc(C)nc(SC(=O)c2cc3ccccc3[nH]2)n1,6.11,Ki,SARS-CoV-2_Mpro
CHEMBL5177782,Unknown,O=C(Sc1ncccn1)c1ccc(-c2ccccc2)o1,7.74,IC50,SARS-CoV-2_Mpro
CHEMBL5169680,Unknown,Cc1cc(C)nc(SC(=O)c2ccc(C#Cc3ccccc3)o2)n1,6.54,IC50,SARS-CoV-2_Mpro
CHEMBL5204680,Unknown,O=C(Sc1ncccn1)c1cc2ccccc2s1,7.81,IC50,SARS-CoV-2_Mpro
CHEMBL5186338,Unknown,O=C(Sc1ncccn1)c1ccc(-c2ccccc2)s1,7.86,IC50,SARS-CoV-2_Mpro
CHEMBL5208709,Unknown,O=C(Sc1ncccn1)c1ccc(-c2ccc(Br)cc2)s1,7.84,IC50,SARS-CoV-2_Mpro
CHEMBL5184362,Unknown,O=C(Sc1ncccn1)c1ccc2ccccc2n1,7.69,IC50,SARS-CoV-2_Mpro
CHEMBL5178465,Unknown,COc1ccc2cc([C@H](C)C(=O)Sc3ncccn3)ccc2c1,7.68,Ki,SARS-CoV-2_Mpro
CHEMBL5192654,Unknown,O=C(Sc1nc2ccccc2s1)c1cc2ccccc2[nH]1,7.14,Ki,SARS-CoV-2_Mpro
CHEMBL5186708,Unknown,O=C(Sc1nc2ccccc2s1)c1ccc(-c2ccccc2)o1,6.78,IC50,SARS-CoV-2_Mpro
CHEMBL5194755,Unknown,O=C(Sc1nc2ccccc2s1)c1ccc(-c2ccc(Br)cc2)o1,7.89,Ki,SARS-CoV-2_Mpro
CHEMBL5181137,Unknown,O=C(Sc1nc2ccccc2s1)c1cc2ccccc2s1,6.79,Ki,SARS-CoV-2_Mpro
CHEMBL5178568,Unknown,O=C(Sc1nc2ccccc2s1)c1ccc(-c2ccccc2)s1,7.38,Ki,SARS-CoV-2_Mpro
CHEMBL5197891,Unknown,O=C(Sc1nc2ccccc2s1)c1ccc2ccccc2n1,7.29,Ki,SARS-CoV-2_Mpro
CHEMBL490820,Unknown,O=C(Oc1cncc(Cl)c1)c1cccc2[nH]ccc12,6.5,IC50,SARS-CoV-2_Mpro
CHEMBL5205750,Unknown,O=C(Oc1cncc(Cl)c1)c1cc2cc(Cl)ccc2[nH]1,7.47,IC50,SARS-CoV-2_Mpro
CHEMBL5190583,Unknown,O=C(NCCN1C(=O)C=CC1=O)c1cc2ccccc2[nH]1,5.68,IC50,SARS-CoV-2_Mpro
CHEMBL121556,Unknown,S=C(SSC(=S)N1CCOCC1)N1CCOCC1,5.39,IC50,SARS-CoV-2_Mpro
CHEMBL4441971,Unknown,O=C(/C=C/c1ccccc1)N[C@@H](CC1CCCCC1)C(=O)N[C@@H](C[C@@H]1CCNC1=O)C(=O)C(=O)NCc1ccccc1,6.15,IC50,SARS-CoV-2_Mpro
CHEMBL1230135,Unknown,Cc1cc(C(=O)N[C@@H](C)C(=O)N[C@H](C(=O)N[C@@H](CC(C)C)C(=O)N[C@H](/C=C/C(=O)OCc2ccccc2)C[C@@H]2CCNC2=O)C(C)C)no1,5.05,Ki,SARS-CoV-2_Mpro
CHEMBL5208720,Unknown,Nc1cccn([C@@H](CC2CC2)C(=O)N[C@@H](C[C@@H]2CCNC2=O)C(=O)C(=O)NCc2ccccc2)c1=O,5.87,IC50,SARS-CoV-2_Mpro
CHEMBL5207119,Unknown,O=C[C@H](C[C@@H]1CCNC1=O)NC(=O)[C@H](CC1CC1)NC(=O)c1cc2ccccc2[nH]1,7.28,IC50,SARS-CoV-2_Mpro
CHEMBL5172346,Unknown,CC(=O)N[C@@H](CCc1nc2ccccc2s1)C(=O)N[C@@H](CN)C(=O)NCC(=O)NC/C=C/C(=O)O,5.0,IC50,SARS-CoV-2_Mpro
CHEMBL5176411,Unknown,CC(=O)N[C@@H](CCc1ccc(O)cc1)C(=O)N[C@@H](CN)C(=O)NCC(=O)NC/C=C/C(=O)O,5.0,IC50,SARS-CoV-2_Mpro
CHEMBL3922662,Unknown,O=c1c2ccccc2[se]n1-c1ccccc1O,6.63,IC50,SARS-CoV-2_Mpro
CHEMBL3983492,Unknown,COc1ccccc1-n1[se]c2ccccc2c1=O,6.59,IC50,SARS-CoV-2_Mpro
CHEMBL3928799,Unknown,O=C(Nc1ccccc1O)c1ccccc1[Se][Se]c1ccccc1C(=O)Nc1ccccc1O,6.47,IC50,SARS-CoV-2_Mpro
CHEMBL3912164,Unknown,COc1ccccc1NC(=O)c1ccccc1[Se][Se]c1ccccc1C(=O)Nc1ccccc1OC,6.58,IC50,SARS-CoV-2_Mpro
CHEMBL227075,DIHYDROTANSHINONE I,Cc1cccc2c3c(ccc12)C1=C(C(=O)C3=O)[C@@H](C)CO1,6.23,IC50,SARS-CoV-2_Mpro
CHEMBL187266,TANSHINONE IIA,Cc1coc2c1C(=O)C(=O)c1c-2ccc2c1CCCC2(C)C,5.8,IC50,SARS-CoV-2_Mpro
CHEMBL599894,Unknown,O=C1c2ccccc2-c2nc3nnnn3nc21,6.58,IC50,SARS-CoV-2_Mpro
CHEMBL1397270,Unknown,Cc1cc2nc3c(=O)[nH]c(=O)nc-3n(C)c2cc1C=O,6.28,IC50,SARS-CoV-2_Mpro
CHEMBL290904,Unknown,Cc1ccc(NC2=CC(=O)c3sc(C)nc3C2=O)cc1,6.41,IC50,SARS-CoV-2_Mpro
CHEMBL15192,LAPACHONE,CC1(C)CCC2=C(O1)c1ccccc1C(=O)C2=O,6.21,IC50,SARS-CoV-2_Mpro
CHEMBL5206079,Unknown,C[C@H](c1ccccc1Cl)N(C)Cc1cc(O)ccc1Cl,5.18,IC50,SARS-CoV-2_Mpro
CHEMBL5201129,Unknown,COc1cc(CNC(=O)C2CCN(C(C)c3cccc4ccccc34)CC2)ccn1,6.09,IC50,SARS-CoV-2_Mpro
CHEMBL551592,Unknown,CC(=O)Nc1ccc(C)c(C(=O)N[C@H](C)c2cccc3ccccc23)c1,4.96,IC50,SARS-CoV-2_Mpro
CHEMBL486027,METHYL PROTOCATECHUATE,COC(=O)c1ccc(O)c(O)c1,5.42,IC50,SARS-CoV-2_Mpro
CHEMBL53566,TYROSOL,OCCc1ccc(O)cc1,5.17,IC50,SARS-CoV-2_Mpro
CHEMBL14193,4-HYDROXYBENZALDEHYDE,O=Cc1ccc(O)cc1,5.4,IC50,SARS-CoV-2_Mpro
CHEMBL727,THIOGUANINE,Nc1nc2[nH]cnc2c(=S)[nH]1,7.0,IC50,SARS-CoV-2_Mpro
CHEMBL3407552,Unknown,O=C1c2ccccc2C(=O)c2oc(-c3ccccc3)nc21,6.25,IC50,SARS-CoV-2_Mpro
CHEMBL2105734,SEPANTRONIUM BROMIDE,COCC[n+]1c2c(n(Cc3cnccn3)c1C)C(=O)c1ccccc1C2=O.[Br-],5.61,IC50,SARS-CoV-2_Mpro
CHEMBL363535,TANSHINONE I,Cc1coc2c1C(=O)C(=O)c1c-2ccc2c(C)cccc12,5.66,IC50,SARS-CoV-2_Mpro
CHEMBL1473252,SODIUM TANSHINONE IIA SULFONATE,Cc1c(S(=O)(=O)[O-])oc2c1C(=O)C(=O)c1c-2ccc2c1CCCC2(C)C.[Na+],5.78,IC50,SARS-CoV-2_Mpro
CHEMBL1200596,CHLOROXINE,Oc1c(Cl)cc(Cl)c2cccnc12,5.34,Kd,SARS-CoV-2_Mpro
CHEMBL454129,Unknown,CC1(C)OC2=C(C(=O)C(=O)c3ccccc32)C1n1cc(-c2ccccc2)nn1,5.77,IC50,SARS-CoV-2_Mpro
CHEMBL5188555,Unknown,CN(Cc1cn(C2C3=C(OC2(C)C)c2ccccc2C(=O)C3=O)nn1)C1=CC(=O)c2ccccc2C1=O,5.66,IC50,SARS-CoV-2_Mpro
CHEMBL5206451,Unknown,CN(Cc1cn(C2C3=C(OC2(C)C)c2ccccc2C(=O)C3=O)nn1)C1=C(Br)C(=O)c2ccccc2C1=O,5.51,IC50,SARS-CoV-2_Mpro
CHEMBL2103763,Unknown,O=C1c2c(O)cccc2[C@H]([C@@H]2O[C@H](CO)[C@@H](O)[C@H](O)[C@H]2O)c2cc(CO)cc(O)c21,4.88,IC50,SARS-CoV-2_Mpro
CHEMBL3617994,Unknown,O=C1c2c(O)cccc2[C@@H]([C@@H]2O[C@H](CO)[C@@H](O)[C@H](O)[C@H]2O)c2cc(CO)cc(O)c21,4.79,IC50,SARS-CoV-2_Mpro
CHEMBL5204399,Unknown,COC(=O)/C=C/C(=O)NNC(=O)CCc1ccccc1C(=O)N[C@H](C)c1cccc2ccccc12,7.03,IC50,SARS-CoV-2_Mpro
CHEMBL5182468,Unknown,COC(=O)/C=C/C(=O)NNC(=O)CCc1ccc(NC(C)=O)cc1C(=O)N[C@H](C)c1cccc2ccccc12,6.64,IC50,SARS-CoV-2_Mpro
CHEMBL5196343,Unknown,C#CC(=O)NNC(=O)CCc1ccccc1C(=O)N[C@H](C)c1cccc2ccccc12,7.01,IC50,SARS-CoV-2_Mpro
CHEMBL5196473,Unknown,C[C@@H](NC(=O)c1ccccc1CCC(=O)NNC(=O)CCl)c1cccc2ccccc12,5.27,IC50,SARS-CoV-2_Mpro
CHEMBL5208536,Unknown,C[C@@H](NC(=O)c1ccccc1CCC(=O)NNC(=O)CC#N)c1cccc2ccccc12,5.1,IC50,SARS-CoV-2_Mpro
CHEMBL5194538,Unknown,O=c1c2ccccc2[se]n1-c1ccccc1Br,7.59,IC50,SARS-CoV-2_Mpro
CHEMBL5199343,Unknown,O=c1c2ccccc2[se]n1-c1ncccc1O,7.3,IC50,SARS-CoV-2_Mpro
CHEMBL5195364,Unknown,O=c1c2ccccc2[se]n1-c1ccc([N+](=O)[O-])cc1,7.55,IC50,SARS-CoV-2_Mpro
CHEMBL5206009,Unknown,COc1ccc(-n2[se]c3ccccc3c2=O)c(OC)c1,7.28,IC50,SARS-CoV-2_Mpro
CHEMBL5193976,Unknown,O=c1c2ccccc2[se]n1-c1cc(Cl)ccc1F,7.82,IC50,SARS-CoV-2_Mpro
CHEMBL5177233,Unknown,Cc1ccc(Cl)cc1-n1[se]c2ccccc2c1=O,7.42,IC50,SARS-CoV-2_Mpro
CHEMBL5202141,Unknown,Cc1c(Cl)cccc1-n1[se]c2ccccc2c1=O,7.56,IC50,SARS-CoV-2_Mpro
CHEMBL5180964,Unknown,C#CC[C@H](NC(=O)/C=C/c1ccccc1)C(=O)N[C@H](C=O)C[C@@H]1CCNC1=O,5.41,IC50,SARS-CoV-2_Mpro
CHEMBL5195478,Unknown,CC(C)C[C@H](NC(=O)/C=C/c1ccccc1)C(=O)N[C@H](C=O)C[C@@H]1CCNC1=O,6.43,IC50,SARS-CoV-2_Mpro
CHEMBL5200040,Unknown,CCCC[C@H](NC(=O)/C=C/c1ccccc1)C(=O)N[C@H](C=O)C[C@@H]1CCNC1=O,6.43,IC50,SARS-CoV-2_Mpro
CHEMBL5207566,Unknown,CCCC[C@H](NC(=O)/C=C/c1ccccc1)C(=O)N[C@H](C=O)C[C@@H]1CCCNC1=O,6.56,IC50,SARS-CoV-2_Mpro
CHEMBL5203574,Unknown,CC(C)C[C@H](NC(=O)[C@@H](NC(=O)c1ccc2ccccc2c1)C(C)C)C(=O)N[C@H](C=O)C[C@@H]1CCCNC1=O,6.57,IC50,SARS-CoV-2_Mpro
CHEMBL5205787,Unknown,CC(C)C[C@H](NC(=O)[C@@H](NC(=O)c1ccc([N+](=O)[O-])cc1)C(C)C)C(=O)N[C@H](C=O)C[C@@H]1CCCNC1=O,6.68,IC50,SARS-CoV-2_Mpro
CHEMBL3885329,Unknown,CC(C)C[C@H](NC(=O)/C=C/c1ccccc1)C(=O)N[C@H](C=O)C[C@@H]1CCCNC1=O,6.49,IC50,SARS-CoV-2_Mpro
CHEMBL5199094,Unknown,O=C[C@H](C[C@@H]1CCCNC1=O)NC(=O)[C@H](CC1CC1)NC(=O)/C=C/c1ccccc1,6.53,IC50,SARS-CoV-2_Mpro
CHEMBL5174138,Unknown,CC(C)C[C@H](NC(=O)[C@H](CC1CCCCC1)NC(=O)/C=C/c1ccccc1)C(=O)N[C@H](C=O)C[C@@H]1CCCNC1=O,5.83,IC50,SARS-CoV-2_Mpro
CHEMBL5203407,Unknown,C[C@H](NC(=O)/C=C/c1ccccc1)C(=O)N[C@H](C=O)C[C@@H]1CCCNC1=O,4.91,IC50,SARS-CoV-2_Mpro
CHEMBL3884779,Unknown,CC(C)[C@H](NC(=O)/C=C/c1ccccc1)C(=O)N[C@H](C=O)C[C@@H]1CCCNC1=O,5.16,IC50,SARS-CoV-2_Mpro
CHEMBL5182830,Unknown,CC(C)(C)[C@H](NC(=O)/C=C/c1ccccc1)C(=O)N[C@H](C=O)C[C@@H]1CCCNC1=O,5.46,IC50,SARS-CoV-2_Mpro
CHEMBL5186446,Unknown,O=C[C@H](C[C@@H]1CCCNC1=O)NC(=O)[C@@H](NC(=O)/C=C/c1ccccc1)c1ccccc1,5.69,IC50,SARS-CoV-2_Mpro
CHEMBL5207769,Unknown,C=CC[C@H](NC(=O)/C=C/c1ccccc1)C(=O)N[C@H](C=O)C[C@@H]1CCCNC1=O,5.87,IC50,SARS-CoV-2_Mpro
CHEMBL5173857,Unknown,C#CC[C@H](NC(=O)/C=C/c1ccccc1)C(=O)N[C@H](C=O)C[C@@H]1CCCNC1=O,5.49,IC50,SARS-CoV-2_Mpro
CHEMBL5172144,Unknown,CCC[C@H](NC(=O)/C=C/c1ccccc1)C(=O)N[C@@H](CC(C)C)C(=O)N[C@H](C=O)C[C@@H]1CCCNC1=O,6.26,IC50,SARS-CoV-2_Mpro
CHEMBL5190907,Unknown,CC[C@H](C)[C@H](NC(=O)/C=C/c1ccccc1)C(=O)N[C@@H](CC(C)C)C(=O)N[C@H](C=O)C[C@@H]1CCCNC1=O,6.45,IC50,SARS-CoV-2_Mpro
CHEMBL5183017,Unknown,CC(C)C[C@H](NC(=O)[C@@H](NC(=O)/C=C/c1ccccc1)C(C)C)C(=O)N[C@H](C=O)C[C@@H]1CCCNC1=O,6.55,IC50,SARS-CoV-2_Mpro
CHEMBL5176330,Unknown,Cc1ccc(/C=C/C(=O)N[C@H](C(=O)N[C@@H](CC(C)C)C(=O)N[C@H](C=O)C[C@@H]2CCCNC2=O)C(C)C)cc1,6.71,IC50,SARS-CoV-2_Mpro
CHEMBL5189974,Unknown,CC(C)C[C@H](NC(=O)[C@@H](NC(=O)/C=C/c1ccc(C(C)C)cc1)C(C)C)C(=O)N[C@H](C=O)C[C@@H]1CCCNC1=O,6.64,IC50,SARS-CoV-2_Mpro
CHEMBL5179730,Unknown,CC(C)C[C@H](NC(=O)[C@@H](NC(=O)/C=C/c1ccc(-c2ccccc2)cc1)C(C)C)C(=O)N[C@H](C=O)C[C@@H]1CCCNC1=O,6.53,IC50,SARS-CoV-2_Mpro
CHEMBL5207843,Unknown,COc1ccc(/C=C/C(=O)N[C@H](C(=O)N[C@@H](CC(C)C)C(=O)N[C@H](C=O)C[C@@H]2CCCNC2=O)C(C)C)cc1,6.6,IC50,SARS-CoV-2_Mpro
CHEMBL5189874,Unknown,CC(C)C[C@H](NC(=O)[C@@H](NC(=O)/C=C/c1ccc(N(C)C)cc1)C(C)C)C(=O)N[C@H](C=O)C[C@@H]1CCCNC1=O,6.23,IC50,SARS-CoV-2_Mpro
CHEMBL5201697,Unknown,CC(C)C[C@H](NC(=O)[C@@H](NC(=O)/C=C/c1ccc(F)cc1)C(C)C)C(=O)N[C@H](C=O)C[C@@H]1CCCNC1=O,6.51,IC50,SARS-CoV-2_Mpro
CHEMBL5197113,Unknown,CC(C)C[C@H](NC(=O)[C@@H](NC(=O)/C=C/c1ccccc1F)C(C)C)C(=O)N[C@H](C=O)C[C@@H]1CCCNC1=O,6.76,IC50,SARS-CoV-2_Mpro
CHEMBL5198279,Unknown,CC(C)C[C@H](NC(=O)[C@@H](NC(=O)/C=C/c1cccc(F)c1)C(C)C)C(=O)N[C@H](C=O)C[C@@H]1CCCNC1=O,6.59,IC50,SARS-CoV-2_Mpro
CHEMBL5169416,Unknown,CC(C)C[C@H](NC(=O)[C@@H](NC(=O)c1cc2ccccc2[nH]1)C(C)C)C(=O)N[C@H](C=O)C[C@@H]1CCCNC1=O,6.53,IC50,SARS-CoV-2_Mpro
CHEMBL5192541,Unknown,CC(C)C[C@H](NC(=O)[C@@H](NC(=O)c1ccc2cc[nH]c2c1)C(C)C)C(=O)N[C@H](C=O)C[C@@H]1CCCNC1=O,6.66,IC50,SARS-CoV-2_Mpro
CHEMBL5182229,Unknown,CC(C)C[C@H](NC(=O)[C@@H](NC(=O)CCc1ccccc1)C(C)C)C(=O)N[C@H](C=O)C[C@@H]1CCCNC1=O,6.7,IC50,SARS-CoV-2_Mpro
CHEMBL5191197,Unknown,CC(C)C[C@H](NC(=O)[C@@H](NC(=O)c1ccccc1)C(C)C)C(=O)N[C@H](C=O)C[C@@H]1CCCNC1=O,6.59,IC50,SARS-CoV-2_Mpro
CHEMBL5191663,Unknown,CC(C)C[C@H](NC(=O)[C@@H](NC(=O)c1ccc(-c2ccccc2)cc1)C(C)C)C(=O)N[C@H](C=O)C[C@@H]1CCCNC1=O,6.39,IC50,SARS-CoV-2_Mpro
CHEMBL5179310,Unknown,CC(C)C[C@H](NC(=O)[C@@H](NC(=O)C1CCCCC1)C(C)C)C(=O)N[C@H](C=O)C[C@@H]1CCCNC1=O,5.85,IC50,SARS-CoV-2_Mpro
CHEMBL5175884,Unknown,CC(C)C[C@H](NC(=O)[C@@H](NC(=O)c1ccco1)C(C)C)C(=O)N[C@H](C=O)C[C@@H]1CCCNC1=O,6.63,IC50,SARS-CoV-2_Mpro
CHEMBL5199219,Unknown,CC(C)C[C@H](NC(=O)[C@@H](NC(=O)c1ccoc1)C(C)C)C(=O)N[C@H](C=O)C[C@@H]1CCCNC1=O,6.76,IC50,SARS-CoV-2_Mpro
CHEMBL5185152,Unknown,CC(C)C[C@H](NC(=O)[C@@H](NC(=O)c1ccc[nH]1)C(C)C)C(=O)N[C@H](C=O)C[C@@H]1CCCNC1=O,6.76,IC50,SARS-CoV-2_Mpro
CHEMBL5206326,Unknown,CC(C)C[C@H](NC(=O)[C@@H](NC(=O)c1ccncc1)C(C)C)C(=O)N[C@H](C=O)C[C@@H]1CCCNC1=O,6.82,IC50,SARS-CoV-2_Mpro
CHEMBL5179883,Unknown,CC(C)C[C@H](NC(=O)[C@@H](NC(=O)c1cccnc1)C(C)C)C(=O)N[C@H](C=O)C[C@@H]1CCCNC1=O,6.19,IC50,SARS-CoV-2_Mpro
CHEMBL5197105,Unknown,CC(C)C[C@H](NC(=O)[C@@H](NC(=O)c1ccccn1)C(C)C)C(=O)N[C@H](C=O)C[C@@H]1CCCNC1=O,6.25,IC50,SARS-CoV-2_Mpro
CHEMBL5189683,Unknown,CC(C)C[C@H](NC(=O)[C@@H](NC(=O)c1ccc(F)cc1)C(C)C)C(=O)N[C@H](C=O)C[C@@H]1CCCNC1=O,6.71,IC50,SARS-CoV-2_Mpro
CHEMBL5192273,Unknown,CC(C)C[C@H](NC(=O)[C@@H](NC(=O)c1ccc(Cl)cc1)C(C)C)C(=O)N[C@H](C=O)C[C@@H]1CCCNC1=O,6.83,IC50,SARS-CoV-2_Mpro
CHEMBL5182755,Unknown,CC(C)C[C@H](NC(=O)[C@@H](NC(=O)c1ccc(C(F)(F)F)cc1)C(C)C)C(=O)N[C@H](C=O)C[C@@H]1CCCNC1=O,5.85,IC50,SARS-CoV-2_Mpro
CHEMBL5173399,Unknown,CC(C)C[C@H](NC(=O)[C@@H](NC(=O)C1CCOCC1)C(C)C)C(=O)N[C@H](C=O)C[C@@H]1CCCNC1=O,6.54,IC50,SARS-CoV-2_Mpro
CHEMBL1997422,Unknown,Nc1nonc1-c1nc2ccccc2n1CC(=O)N/N=C/c1ccc(-c2cccc(C(=O)O)c2)o1,4.67,IC50,SARS-CoV-2_Mpro
CHEMBL5199064,Unknown,Cc1cc([N+](=O)[O-])c(-c2ccc(/C=N/NC(=O)c3nonc3N)o2)cc1Cl,4.6,IC50,SARS-CoV-2_Mpro
CHEMBL5170994,Unknown,Cc1cc(-c2ccc(/C=N/NC(=O)Cn3nnnc3N)o2)c([N+](=O)[O-])cc1C,4.76,IC50,SARS-CoV-2_Mpro
CHEMBL5175377,Unknown,Cc1c(NC(=S)N/N=C/c2ccc(-c3ccc([N+](=O)[O-])cc3)o2)c(=O)n(-c2ccccc2)n1C,4.97,IC50,SARS-CoV-2_Mpro
CHEMBL1992382,Unknown,NC(=S)N/N=C/c1ccc(-c2cccc([N+](=O)[O-])c2)o1,5.09,IC50,SARS-CoV-2_Mpro
CHEMBL1994837,Unknown,NC(=S)N/N=C/c1ccc(-c2ccc([N+](=O)[O-])cc2)o1,5.01,IC50,SARS-CoV-2_Mpro
CHEMBL5206721,Unknown,NC(=S)N/N=C/c1ccc(-c2cccc(C(=O)O)c2)o1,4.96,IC50,SARS-CoV-2_Mpro
CHEMBL5186313,Unknown,NC(=S)N/N=C/c1ccc(-c2ccc(C(=O)O)cc2)o1,4.76,IC50,SARS-CoV-2_Mpro
CHEMBL5203288,Unknown,NC(=S)N/N=C/c1ccc(-c2ccc(O)c(C(=O)O)c2)o1,5.04,IC50,SARS-CoV-2_Mpro
CHEMBL5203660,Unknown,N#Cc1cc(-c2ccc(/C=N/NC(N)=S)o2)ccc1O,5.38,IC50,SARS-CoV-2_Mpro
CHEMBL5193704,Unknown,COc1ccc(-c2ccc(/C=N/NC(N)=S)o2)cc1OC,5.24,IC50,SARS-CoV-2_Mpro
CHEMBL5187551,Unknown,NC(=S)N/N=C/c1ccc(-c2ccncc2)o1,5.15,IC50,SARS-CoV-2_Mpro
CHEMBL5180925,Unknown,NC(=S)N/N=C/c1ccc(-c2ccc(F)nc2)o1,5.06,IC50,SARS-CoV-2_Mpro
CHEMBL5195265,Unknown,NC(=S)N/N=C/c1ccc(-c2ccc3cccnc3c2)o1,4.98,IC50,SARS-CoV-2_Mpro
CHEMBL5180049,Unknown,NC(=S)N/N=C/c1ccc(-c2cnc3ccccc3c2)o1,4.99,IC50,SARS-CoV-2_Mpro
CHEMBL5198323,Unknown,NC(=S)N/N=C/c1ccc(Cc2ccccc2)o1,5.81,IC50,SARS-CoV-2_Mpro
CHEMBL5181942,Unknown,NC(=O)c1ccc(-c2ccc(/C=N/NC(N)=S)o2)cc1,5.4,IC50,SARS-CoV-2_Mpro
CHEMBL5198114,Unknown,NC(=S)N/N=C/c1ccc(-c2ccc(S(N)(=O)=O)cc2)o1,5.27,IC50,SARS-CoV-2_Mpro
CHEMBL1965444,Unknown,NC(=S)N/N=C/c1ccc(-c2ccccc2)o1,5.39,IC50,SARS-CoV-2_Mpro
CHEMBL5181310,Unknown,NC(=S)N/N=C/c1ccc(-c2ccc(C(=O)O)cc2F)o1,5.09,IC50,SARS-CoV-2_Mpro
CHEMBL5174417,Unknown,Cc1cc(C(=O)O)ccc1-c1ccc(/C=N/NC(N)=S)o1,5.33,IC50,SARS-CoV-2_Mpro
CHEMBL5195352,Unknown,NC(=S)N/N=C/c1ccc(-c2ccc(C(=O)O)c(O)c2)o1,6.07,IC50,SARS-CoV-2_Mpro
CHEMBL5187397,Unknown,NC(=S)N/N=C/c1ccc(-c2ccc(C(=O)O)c(Cl)c2)o1,4.49,IC50,SARS-CoV-2_Mpro
CHEMBL5172901,Unknown,NC(=S)N/N=C/c1ccc(-c2cccc(C(=O)O)c2Cl)o1,4.39,IC50,SARS-CoV-2_Mpro
CHEMBL5174488,Unknown,NC(=S)N/N=C/c1ccc(-c2ccc(Cl)c(C(=O)O)c2)o1,4.59,IC50,SARS-CoV-2_Mpro
CHEMBL5171994,Unknown,NC(=S)N/N=C/c1ccc(-c2cc(C(=O)O)ccc2Cl)o1,5.0,IC50,SARS-CoV-2_Mpro
CHEMBL5202218,Unknown,NC(=S)N/N=C/c1cc(-c2ccc(C(=O)O)cc2)co1,4.61,IC50,SARS-CoV-2_Mpro
CHEMBL5171422,Unknown,NC(=S)N/N=C/c1ccc(-c2ccc(C(=O)O)cc2)s1,5.24,IC50,SARS-CoV-2_Mpro
CHEMBL5197257,Unknown,NC(=S)N/N=C/c1cccc(-c2ccc(C(=O)O)cc2)c1,5.26,IC50,SARS-CoV-2_Mpro
CHEMBL5196018,Unknown,CC(C)(C)OC(=O)Nc1cccn(C(=O)N[C@@H](CC2CC2)C(=O)N[C@@H](C[C@@H]2CCNC2=O)C(=O)C(=O)NCc2ccccc2)c1=O,6.17,IC50,SARS-CoV-2_Mpro
CHEMBL5195325,Unknown,CC1(C)[C@@H]2[C@@H](C(=O)N[C@H](C=O)C[C@@H]3CCNC3=O)N(C(=O)COc3ccc(OC(F)(F)F)cc3)C[C@@H]21,7.82,IC50,SARS-CoV-2_Mpro
CHEMBL1908391,MASITINIB,Cc1ccc(NC(=O)c2ccc(CN3CCN(C)CC3)cc2)cc1Nc1nc(-c2cccnc2)cs1,5.6,IC50,SARS-CoV-2_Mpro
CHEMBL5173582,Unknown,CC(C)(C)[C@H](NC(=O)C(F)(F)F)C(=O)N1C[C@H]2[C@@H]([C@H]1C(=O)N[C@H](C=O)C[C@@H]1CCNC1=O)C2(C)C,8.0,IC50,SARS-CoV-2_Mpro
CHEMBL5182995,Unknown,CC(C)(C)[C@H](NC(=O)C(F)(F)F)C(=O)N1C[C@H]2[C@@H]([C@H]1C(=O)N[C@@H](C[C@@H]1CCNC1=O)C(=O)CO)C2(C)C,8.1,IC50,SARS-CoV-2_Mpro
CHEMBL5173858,Unknown,CCOC(=O)C=C[C@H](C[C@@H]1CCNC1=O)NC(=O)[C@@H]1[C@@H]2[C@H](CN1C(=O)[C@@H](NC(=O)C(F)(F)F)C(C)(C)C)C2(C)C,7.36,IC50,SARS-CoV-2_Mpro
CHEMBL5183165,Unknown,CC(C)(C)[C@H](NC(=O)C(F)(F)F)C(=O)N1C[C@H]2[C@@H]([C@H]1C(=O)N[C@@H](C[C@@H]1CCNC1=O)C(=O)C(=O)NC1CC1)C2(C)C,7.72,IC50,SARS-CoV-2_Mpro
CHEMBL5174632,Unknown,CC(C)(C)[C@H](NC(=O)C(F)(F)F)C(=O)N1C[C@H]2[C@@H]([C@H]1C(=O)N[C@@H](C[C@@H]1CCNC1=O)C(=O)COCc1ccccc1)C2(C)C,7.57,IC50,SARS-CoV-2_Mpro
CHEMBL5185801,Unknown,CC(C)(C)[C@H](NC(=O)C(F)(F)F)C(=O)N1C[C@H]2[C@@H]([C@H]1C(=O)N[C@@H](C[C@@H]1CCNC1=O)C(=O)c1nc3ccccc3s1)C2(C)C,7.57,IC50,SARS-CoV-2_Mpro
CHEMBL517080,WITHAFERIN A,CC1=C(CO)C(=O)O[C@@H]([C@@H](C)[C@H]2CC[C@H]3[C@@H]4C[C@H]5O[C@]56[C@@H](O)C=CC(=O)[C@]6(C)[C@H]4CC[C@]23C)C1,6.27,IC50,SARS-CoV-2_Mpro
CHEMBL516703,WITHANONE,CC1=C(C)C(=O)O[C@@H]([C@@H](C)[C@@]2(O)CC[C@H]3[C@@H]4[C@@H]5O[C@@H]5[C@@]5(O)CC=CC(=O)[C@]5(C)[C@H]4CC[C@@]32C)C1,5.75,IC50,SARS-CoV-2_Mpro
CHEMBL5198897,Unknown,O=C(Cn1sc2cc(F)ccc2c1=O)Nc1cc(Cl)cc(Cl)c1,6.72,IC50,SARS-CoV-2_Mpro
CHEMBL1703831,Unknown,O=C(Cn1sc2cc(F)ccc2c1=O)Nc1ccccc1,6.72,IC50,SARS-CoV-2_Mpro
CHEMBL5176190,Unknown,O=C(Cn1sc2cc(F)ccc2c1=O)NC1CCCCC1,6.8,IC50,SARS-CoV-2_Mpro
CHEMBL5172482,Unknown,O=C(Cn1sc2cc(F)ccc2c1=O)NC1CCCC1,6.4,IC50,SARS-CoV-2_Mpro
CHEMBL5207227,Unknown,CCNC(=O)Cn1sc2cc(F)ccc2c1=O,6.42,IC50,SARS-CoV-2_Mpro
CHEMBL5188739,Unknown,O=C(Cn1sc2cc(F)ccc2c1=O)Nc1ccccc1Cl,6.72,IC50,SARS-CoV-2_Mpro
CHEMBL5176486,Unknown,O=C(Cn1sc2cc(F)ccc2c1=O)Nc1cccc(Cl)c1,6.85,IC50,SARS-CoV-2_Mpro
CHEMBL5178149,Unknown,O=C(Cn1sc2cc(F)ccc2c1=O)Nc1ccc(Cl)cc1,6.82,IC50,SARS-CoV-2_Mpro
CHEMBL5170578,Unknown,COc1ccccc1NC(=O)Cn1sc2cc(F)ccc2c1=O,6.75,IC50,SARS-CoV-2_Mpro
CHEMBL5201817,Unknown,COc1cccc(NC(=O)Cn2sc3cc(F)ccc3c2=O)c1,6.82,IC50,SARS-CoV-2_Mpro
CHEMBL5177648,Unknown,COc1ccc(NC(=O)Cn2sc3cc(F)ccc3c2=O)cc1,6.52,IC50,SARS-CoV-2_Mpro
CHEMBL5200414,Unknown,COc1cc(NC(=O)Cn2sc3cc(F)ccc3c2=O)cc(OC)c1,6.92,IC50,SARS-CoV-2_Mpro
CHEMBL5175672,Unknown,CC(C)(C)c1ccc(NC(=O)Cn2sc3cc(F)ccc3c2=O)cc1,6.51,IC50,SARS-CoV-2_Mpro
CHEMBL5177146,Unknown,O=C(Cn1sc2cc(F)ccc2c1=O)Nc1ccccc1C(F)(F)F,6.47,IC50,SARS-CoV-2_Mpro
CHEMBL5204604,Unknown,O=C(Cn1sc2cc(F)ccc2c1=O)Nc1cccc(C(F)(F)F)c1,6.6,IC50,SARS-CoV-2_Mpro
CHEMBL5191265,Unknown,O=C(Cn1sc2cc(F)ccc2c1=O)Nc1ccc(C(F)(F)F)cc1,6.68,IC50,SARS-CoV-2_Mpro
CHEMBL1532997,Unknown,O=c1[nH]sc2cc(F)ccc12,5.64,IC50,SARS-CoV-2_Mpro
CHEMBL5183334,Unknown,CC(C)(C)OC(=O)Cn1sc2cc(F)ccc2c1=O,6.66,IC50,SARS-CoV-2_Mpro
CHEMBL5170392,Unknown,O=C(O)Cn1sc2cc(F)ccc2c1=O,5.8,IC50,SARS-CoV-2_Mpro
CHEMBL5173090,Unknown,O=C(Cn1sc2cc(F)ccc2c1=O)NCc1ccccc1,6.64,IC50,SARS-CoV-2_Mpro
CHEMBL5204705,Unknown,O=C(Cn1sc2cc(F)ccc2c1=O)NCCc1ccccc1,6.41,IC50,SARS-CoV-2_Mpro
CHEMBL5190812,Unknown,O=C(Nc1ccccc1)n1sc2cc(F)ccc2c1=O,6.17,IC50,SARS-CoV-2_Mpro
CHEMBL5198660,Unknown,CC(=O)NCn1sc2cc(F)ccc2c1=O,6.6,IC50,SARS-CoV-2_Mpro
CHEMBL5198161,Unknown,O=c1c2ccc(F)cc2sn1CCCc1ccccc1,6.27,IC50,SARS-CoV-2_Mpro
CHEMBL1709906,Unknown,O=C(Cn1sc2ccccc2c1=O)Nc1ccccc1,6.78,IC50,SARS-CoV-2_Mpro
CHEMBL5189273,Unknown,O=C(Cn1sc2cccc(F)c2c1=O)Nc1ccccc1,6.93,IC50,SARS-CoV-2_Mpro
CHEMBL5182841,Unknown,O=C(Cn1sc2ccc(F)cc2c1=O)Nc1ccccc1,6.54,IC50,SARS-CoV-2_Mpro
CHEMBL5201634,Unknown,O=C(Cn1sc2c(F)cccc2c1=O)Nc1ccccc1,6.48,IC50,SARS-CoV-2_Mpro
CHEMBL5199130,Unknown,COc1cccc2sn(CC(=O)Nc3ccccc3)c(=O)c12,6.48,IC50,SARS-CoV-2_Mpro
CHEMBL5186395,Unknown,COc1ccc2sn(CC(=O)Nc3ccccc3)c(=O)c2c1,6.82,IC50,SARS-CoV-2_Mpro
CHEMBL5188666,Unknown,COc1ccc2c(=O)n(CC(=O)Nc3ccccc3)sc2c1,6.54,IC50,SARS-CoV-2_Mpro
CHEMBL5182008,Unknown,O=C(Cn1sc2cccc(C(F)(F)F)c2c1=O)Nc1ccccc1,6.65,IC50,SARS-CoV-2_Mpro
CHEMBL5187129,Unknown,O=C(Cn1sc2ccc(C(F)(F)F)cc2c1=O)Nc1ccccc1,6.41,IC50,SARS-CoV-2_Mpro
CHEMBL5191848,Unknown,O=C(Cn1sc2cc(C(F)(F)F)ccc2c1=O)Nc1ccccc1,6.28,IC50,SARS-CoV-2_Mpro
CHEMBL5177329,Unknown,Nc1cccc2sn(CC(=O)Nc3ccccc3)c(=O)c12,5.75,IC50,SARS-CoV-2_Mpro
CHEMBL5175153,Unknown,Nc1ccc2sn(CC(=O)Nc3ccccc3)c(=O)c2c1,6.38,IC50,SARS-CoV-2_Mpro
CHEMBL5191706,Unknown,Nc1ccc2c(=O)n(CC(=O)Nc3ccccc3)sc2c1,6.35,IC50,SARS-CoV-2_Mpro
CHEMBL5187806,Unknown,Nc1cccc2c(=O)n(CC(=O)Nc3ccccc3)sc12,4.96,IC50,SARS-CoV-2_Mpro
CHEMBL5179454,Unknown,O=c1c2ccccc2sn1Cc1ccco1,6.31,IC50,SARS-CoV-2_Mpro
CHEMBL33778,ANACARDIC ACID,CCCCCCCCCCCCCCCc1cccc(O)c1C(=O)O,5.17,IC50,SARS-CoV-2_Mpro
CHEMBL5172191,Unknown,CC(=O)Cc1cc(=O)c2c(C)cc(O)c([C@@H]3O[C@H](CO)[C@@H](O)[C@H](O)[C@H]3O)c2o1,4.41,IC50,SARS-CoV-2_Mpro
CHEMBL5171569,Unknown,Nc1ncnc2c1ncn2[C@@H]1O[C@H](CNCc2ccc3ccccc3c2)[C@@H](O)[C@H]1O,5.02,IC50,SARS-CoV-2_Mpro
CHEMBL5172081,Unknown,Nc1ncnc2c1ncn2[C@@H]1O[C@H](CNC(=O)c2ccc3ccccc3c2)[C@@H](O)[C@H]1O,5.57,IC50,SARS-CoV-2_Mpro
CHEMBL5190048,Unknown,Nc1ncnc2c1ncn2[C@@H]1O[C@H](CNS(=O)(=O)c2ccc3ccccc3c2)[C@@H](O)[C@H]1O,7.21,IC50,SARS-CoV-2_Mpro
CHEMBL5172911,Unknown,Nc1ncnc2c1ncn2[C@@H]1O[C@H](CNS(=O)(=O)c2ccc3cccnc3c2)[C@@H](O)[C@H]1O,7.16,IC50,SARS-CoV-2_Mpro
CHEMBL5193934,Unknown,Nc1ncnc2c1ncn2[C@@H]1O[C@H](CNS(=O)(=O)c2ccc3nc(Cl)ccc3c2)[C@@H](O)[C@H]1O,6.36,IC50,SARS-CoV-2_Mpro
CHEMBL5178276,Unknown,CC(=O)Nc1ncnc2c1ncn2[C@@H]1O[C@H](CNS(=O)(=O)c2ccc3ccccc3c2)[C@@H](O)[C@H]1O,7.32,IC50,SARS-CoV-2_Mpro
CHEMBL5198248,Unknown,Nc1ncnn2c([C@@H]3O[C@H](CNS(=O)(=O)c4ccc5ccccc5c4)[C@@H](O)[C@H]3O)ccc12,7.03,IC50,SARS-CoV-2_Mpro
CHEMBL1214186,SINEFUNGIN,Nc1ncnc2c1ncn2[C@@H]1O[C@H](C[C@@H](N)CC[C@H](N)C(=O)O)[C@@H](O)[C@H]1O,6.58,IC50,SARS-CoV-2_Mpro
CHEMBL5171211,Unknown,COc1cccc2[nH]c(C(=O)N3C[C@@H]4CCC[C@@H]4[C@H]3C(=O)N[C@@H](C[C@@H]3CCNC3=O)C(=O)CCl)cc12,7.0,IC50,SARS-CoV-2_Mpro
CHEMBL5184431,Unknown,COc1cccc2[nH]c(C(=O)N3C[C@@H]4CCC[C@@H]4[C@H]3C(=O)N[C@H](C#N)C[C@@H]3CCNC3=O)cc12,7.0,IC50,SARS-CoV-2_Mpro
CHEMBL5184551,Unknown,COc1cccc2[nH]c(C(=O)N3C[C@@H]4CCC[C@@H]4[C@H]3C(=O)N[C@@H](C[C@@H]3CCNC3=O)C(=O)CO)cc12,7.0,IC50,SARS-CoV-2_Mpro
CHEMBL5188495,Unknown,CC1(C)[C@@H]2[C@@H](C(=O)N[C@H](C#N)C[C@@H]3CCNC3=O)N(C(=O)c3cc4c(OC(F)F)cccc4[nH]3)C[C@@H]21,7.0,IC50,SARS-CoV-2_Mpro
CHEMBL5170500,Unknown,CC(C)(C)OC(=O)Nc1cccn([C@@H](CC2CCCCC2)C(=O)N[C@@H](C[C@@H]2CCNC2=O)C(=O)C(=O)NCc2ccccc2)c1=O,5.62,IC50,SARS-CoV-2_Mpro
CHEMBL5190212,Unknown,O=C(NCc1cccs1)[C@@H]1CN(C(=O)C(F)(F)S(=O)(=O)F)CCN1c1ccc(Cl)c(Cl)c1,5.8,IC50,SARS-CoV-2_Mpro
CHEMBL5206532,Unknown,O=C(NCc1cccs1)[C@@H]1CN(C(=O)CCl)CCN1c1ccc(Cl)c(Cl)c1,6.75,IC50,SARS-CoV-2_Mpro
CHEMBL5180502,Unknown,O=C(NCc1cccs1)[C@@H]1CN(C(=O)CBr)CCN1c1ccc(Cl)c(Cl)c1,6.51,IC50,SARS-CoV-2_Mpro
CHEMBL5193842,Unknown,C#CC(=O)N1CCN(c2ccc(Cl)c(Cl)c2)[C@H](C(=O)NCc2cccs2)C1,5.55,IC50,SARS-CoV-2_Mpro
CHEMBL5173274,Unknown,[2H][C@](C(=O)N[C@@H](C)c1ccc(F)cc1)(c1cccnc1)N(C(=O)C(C)=O)c1ccc2c(c1)oc1ccccc12,8.1,IC50,SARS-CoV-2_Mpro
CHEMBL2311694,Unknown,CC(C)(C)NC(=O)C(c1cccnc1)N(C(=O)c1ccco1)c1ccc(C(C)(C)C)cc1,7.16,Ki,SARS-CoV-2_Mpro
CHEMBL5206685,Unknown,Cl.O=C1C=C(Nc2ccccc2N2CCNCC2)C2=NS(=O)(=O)c3cccc1c32,6.92,IC50,SARS-CoV-2_Mpro
CHEMBL5184473,Unknown,O=C(/C=C/c1ccccc1)N[C@@H](CC1CCCCC1)C(=O)N[C@@H](CC1CCNC1=O)C(=O)C(=O)NCc1ccccc1,6.75,Ki,SARS-CoV-2_Mpro
CHEMBL5188743,Unknown,CC1=NC2C(=O)C(Nc3ccc(C)cc3)=CC(=O)C2S1,6.41,IC50,SARS-CoV-2_Mpro
CHEMBL5197203,Unknown,COC(=O)/C=C/C(=O)NNC(=O)/C=C/c1ccccc1C(=O)N[C@H](C)c1cccc2ccccc12,7.03,IC50,SARS-CoV-2_Mpro
CHEMBL5206501,Unknown,C[C@H](NC(=O)[C@@H](c1cccnc1)N(C(=O)c1ccco1)c1ccc(-c2ccccc2)cc1)c1ccccc1,6.7,IC50,SARS-CoV-2_Mpro
CHEMBL5207542,Unknown,C[C@H](NC(=O)C(c1cnccn1)N(C(=O)c1ccco1)c1ccc(-c2ccccc2)cc1)c1ccccc1,6.55,IC50,SARS-CoV-2_Mpro
CHEMBL5178131,Unknown,C[C@H](NC(=O)C(c1cccnc1)N(C(=O)c1ccco1)c1ccc(C2CCCCC2)cc1)c1ccccc1,6.29,IC50,SARS-CoV-2_Mpro
CHEMBL5169554,Unknown,C[C@H](NC(=O)C(c1cccnc1)N(C(=O)c1ccco1)c1ccc(-c2cccs2)cc1)c1ccccc1,6.25,IC50,SARS-CoV-2_Mpro
CHEMBL5186431,Unknown,C[C@H](NC(=O)C(c1cccnc1)N(C(=O)c1ccco1)c1ccc(-c2ccccc2)cc1)c1ccccc1,6.18,IC50,SARS-CoV-2_Mpro
CHEMBL5201613,Unknown,C[C@H](NC(=O)C(c1cnccn1)N(C(=O)c1c[nH]cn1)c1ccc(-c2ccccc2)cc1)c1ccccc1,6.17,IC50,SARS-CoV-2_Mpro
CHEMBL5172431,Unknown,C[C@H](NC(=O)C(c1cccnc1)N(C(=O)c1ccno1)c1ccc(C2CCCCC2)cc1)c1ccccc1,6.09,IC50,SARS-CoV-2_Mpro
CHEMBL5189062,Unknown,C[C@H](NC(=O)C(c1cccnc1)N(C(=O)c1ccco1)c1ccc(-n2cccc2)cc1)c1ccccc1,6.03,IC50,SARS-CoV-2_Mpro
CHEMBL5208393,Unknown,C[C@H](NC(=O)C(c1cccnc1)N(C(=O)c1c[nH]cn1)c1ccc(-c2ccccc2)cc1)c1ccccc1,6.02,IC50,SARS-CoV-2_Mpro
CHEMBL5179577,Unknown,O=C(NCCCc1ccccc1)C(c1cccnc1)N(C(=O)c1ccco1)c1ccc(-c2ccccc2)cc1,5.98,IC50,SARS-CoV-2_Mpro
CHEMBL5204664,Unknown,O=C(NCC(c1ccccc1)c1ccccc1)C(c1cccnc1)N(C(=O)c1ccco1)c1ccc(-c2ccccc2)cc1,5.83,IC50,SARS-CoV-2_Mpro
CHEMBL5175491,Unknown,C[C@H](NC(=O)C(c1cccnc1)N(C(=O)c1ccco1)c1ccc(-c2ccccn2)cc1)c1ccccc1,5.74,IC50,SARS-CoV-2_Mpro
CHEMBL5198265,Unknown,C[C@H](NC(=O)C(c1cccnc1)N(C(=O)c1ccco1)c1ccc([Si](C)(C)C)cc1)c1ccccc1,5.71,IC50,SARS-CoV-2_Mpro
CHEMBL5195867,Unknown,CC(C)(C)CC(C)(C)NC(=O)C(c1cccnc1)N(C(=O)c1ccco1)c1ccc(-c2ccccc2)cc1,5.67,IC50,SARS-CoV-2_Mpro
CHEMBL5180821,Unknown,CC(C)(C)c1ccc(N(C(=O)c2ccco2)C(C(=O)NC2CCCCC2)c2cccnc2)cc1,5.62,IC50,SARS-CoV-2_Mpro
CHEMBL5196047,Unknown,C[C@H](NC(=O)C(c1cccnc1)N(C(=O)c1ccno1)c1ccc(-c2ccccc2)cc1)c1ccccc1,5.61,IC50,SARS-CoV-2_Mpro
CHEMBL5193830,Unknown,CC(C)(C)c1ccc(N(C(=O)c2ccco2)C(C(=O)NC2CCCC2)c2cccnc2)cc1,5.6,IC50,SARS-CoV-2_Mpro
CHEMBL5182370,Unknown,C[C@H](NC(=O)C(c1cccnc1)N(C(=O)c1ccco1)c1ccc(-c2ccco2)cc1)c1ccccc1,5.59,IC50,SARS-CoV-2_Mpro
CHEMBL5176045,Unknown,O=C(NC1CCCCC1)C(c1cccnc1)N(C(=O)c1ccco1)c1ccc(-c2ccccc2)cc1,5.57,IC50,SARS-CoV-2_Mpro
CHEMBL5193986,Unknown,CC(C)(C)c1ccc(N(C(=O)c2ccco2)C(C(=O)NC2CC2)c2cccnc2)cc1,5.41,IC50,SARS-CoV-2_Mpro
CHEMBL5170916,Unknown,O=C(NC1CCCC1)C(c1cccnc1)N(C(=O)c1ccco1)c1ccc(-c2ccccc2)cc1,5.39,IC50,SARS-CoV-2_Mpro
CHEMBL2311731,Unknown,CC(C)(C)NC(=O)C(c1cnccn1)N(C(=O)c1ccco1)c1ccc(C(C)(C)C)cc1,5.31,IC50,SARS-CoV-2_Mpro
CHEMBL5190815,Unknown,C[C@H](NC(=O)C(c1cccnc1)N(C(=O)c1cnco1)c1ccc(-c2ccccc2)cc1)c1ccccc1,5.3,IC50,SARS-CoV-2_Mpro
CHEMBL5188059,Unknown,CC(C)NC(=O)C(c1cccnc1)N(C(=O)c1ccco1)c1ccc(C(C)(C)C)cc1,5.27,IC50,SARS-CoV-2_Mpro
CHEMBL5171513,Unknown,C[C@H](NC(=O)C(c1cccnc1)N(C(=O)c1ccco1)c1ccc(N2CCCCC2)cc1)c1ccccc1,5.26,IC50,SARS-CoV-2_Mpro
CHEMBL5170231,Unknown,C[C@H](NC(=O)C(c1cccnc1)N(C(=O)c1ccco1)c1ccc(C(C)(C)C)cc1)c1ccccc1,5.24,IC50,SARS-CoV-2_Mpro
CHEMBL5179593,Unknown,O=C(NC1CCCCC1)C(c1cccnc1)N(C(=O)c1c[nH]cn1)c1ccc(-c2ccccc2)cc1,5.24,IC50,SARS-CoV-2_Mpro
CHEMBL5171325,Unknown,O=C(NC1CCCC1)C(c1cccnc1)N(C(=O)c1cnc[nH]1)c1ccc(-c2ccccc2)cc1,5.14,IC50,SARS-CoV-2_Mpro
CHEMBL5171462,Unknown,COc1ccc(NC(=O)C(c2cccnc2)N(C(=O)c2ccco2)c2ccc(C(C)(C)C)cc2)cc1,5.13,IC50,SARS-CoV-2_Mpro
CHEMBL5188623,Unknown,CC(C)(C)c1ccc(N(C(=O)c2ccco2)C(C(=O)Nc2ccc(F)cc2)c2cccnc2)cc1,5.11,IC50,SARS-CoV-2_Mpro
CHEMBL5192910,Unknown,CC(C)(C)c1ccc(N(C(=O)c2ccco2)C(C(=O)NCn2nnc3ccccc32)c2cccnc2)cc1,5.09,IC50,SARS-CoV-2_Mpro
CHEMBL5176329,Unknown,O=C(NC1CC1)C(c1cccnc1)N(C(=O)c1ccco1)c1ccc(-c2ccccc2)cc1,4.92,IC50,SARS-CoV-2_Mpro
CHEMBL5179427,Unknown,CC(C)(C)c1ccc(N(C(=O)c2ccco2)C(C(=O)NCc2ccccc2)c2cccnc2)cc1,4.88,IC50,SARS-CoV-2_Mpro
CHEMBL5170981,Unknown,C[C@H](NC(=O)C(c1cccnc1)N(C(=O)c1ccco1)c1ccc(OC(C)(C)C)cc1)c1ccccc1,4.66,IC50,SARS-CoV-2_Mpro
CHEMBL5195155,Unknown,C[C@H](NC(=O)C(c1cccnc1)N(C(=O)c1ccco1)c1ccc(Cc2ccccc2)cc1)c1ccccc1,4.46,IC50,SARS-CoV-2_Mpro
CHEMBL5179259,Unknown,COc1cccc2[nH]c(C(=O)N[C@@H](CC(C)C)C(=O)N[C@@H](C[C@@H]3CCCNC3=O)C(=O)COC(=O)C(C)(C)C)cc12,7.19,IC50,SARS-CoV-2_Mpro
CHEMBL5194822,Unknown,COc1cccc2[nH]c(C(=O)N[C@@H](CC(C)C)C(=O)N[C@@H](C[C@@H]3CCCNC3=O)C(=O)COC(=O)C(C)(C)C#N)cc12,7.66,IC50,SARS-CoV-2_Mpro
CHEMBL5198667,Unknown,COc1cccc2[nH]c(C(=O)N[C@@H](CC(C)C)C(=O)N[C@@H](C[C@@H]3CCCNC3=O)C(=O)COC(=O)C(C)(C)C(F)(F)F)cc12,7.7,IC50,SARS-CoV-2_Mpro
CHEMBL5206120,Unknown,COc1cccc2[nH]c(C(=O)N[C@@H](CC(C)C)C(=O)N[C@@H](C[C@@H]3CCCNC3=O)C(=O)COC(=O)C3(C)OCCCO3)cc12,7.9,IC50,SARS-CoV-2_Mpro
CHEMBL5190213,Unknown,COc1cccc2[nH]c(C(=O)N[C@@H](CC(C)C)C(=O)N[C@@H](C[C@@H]3CCCNC3=O)C(=O)COC(=O)C3(C(F)(F)F)CCCCC3)cc12,7.06,IC50,SARS-CoV-2_Mpro
CHEMBL5193390,Unknown,COc1cccc2[nH]c(C(=O)N[C@@H](CC(C)C)C(=O)N[C@@H](C[C@@H]3CCCNC3=O)C(=O)COC(=O)c3ccccc3)cc12,7.2,IC50,SARS-CoV-2_Mpro
CHEMBL5191464,Unknown,COc1cccc2[nH]c(C(=O)N[C@@H](CC(C)C)C(=O)N[C@@H](C[C@@H]3CCCNC3=O)C(=O)COC(=O)c3c(Cl)cccc3Cl)cc12,8.19,IC50,SARS-CoV-2_Mpro
CHEMBL5191092,Unknown,COc1cccc2[nH]c(C(=O)N[C@@H](CC(C)C)C(=O)N[C@@H](C[C@@H]3CCCNC3=O)C(=O)COC(=O)c3c(C(F)(F)F)cccc3C(F)(F)F)cc12,9.0,IC50,SARS-CoV-2_Mpro
CHEMBL5187784,Unknown,COc1cccc2[nH]c(C(=O)N[C@@H](CC(C)C)C(=O)N[C@@H](C[C@@H]3CCCNC3=O)C(=O)COC(=O)c3ccccn3)cc12,6.9,IC50,SARS-CoV-2_Mpro
CHEMBL5190876,Unknown,COc1cccc2[nH]c(C(=O)N[C@@H](CC(C)C)C(=O)N[C@@H](C[C@@H]3CCCNC3=O)C(=O)COC(=O)c3cccnc3)cc12,8.4,IC50,SARS-CoV-2_Mpro
CHEMBL5192585,Unknown,COc1cccc2[nH]c(C(=O)N[C@@H](CC(C)C)C(=O)N[C@@H](C[C@@H]3CCCNC3=O)C(=O)COC(=O)c3ccncc3)cc12,7.48,IC50,SARS-CoV-2_Mpro
CHEMBL5191060,Unknown,COc1cccc2[nH]c(C(=O)N[C@@H](CC(C)C)C(=O)N[C@@H](C[C@@H]3CCCNC3=O)C(=O)COC(=O)c3c(C)cc(C)nc3C)cc12,7.72,IC50,SARS-CoV-2_Mpro
CHEMBL5173658,Unknown,COc1cccc2[nH]c(C(=O)N[C@@H](CC(C)C)C(=O)N[C@@H](C[C@@H]3CCCNC3=O)C(=O)COC(=O)c3c(C(F)(F)F)cc(C)nc3C)cc12,7.85,IC50,SARS-CoV-2_Mpro
CHEMBL5171263,Unknown,COc1cccc2[nH]c(C(=O)N[C@@H](CC(C)C)C(=O)N[C@@H](C[C@@H]3CCCNC3=O)C(=O)COC(=O)c3c(C)nc(C)nc3C)cc12,7.66,IC50,SARS-CoV-2_Mpro
CHEMBL5195086,Unknown,COc1cccc2[nH]c(C(=O)N[C@@H](CC(C)C)C(=O)N[C@@H](C[C@@H]3CCCNC3=O)C(=O)COC(=O)c3c(C)nn(C)c3C)cc12,7.15,IC50,SARS-CoV-2_Mpro
CHEMBL5182169,Unknown,CC(=O)OCC(=O)[C@H](C[C@@H]1CCNC1=O)NC(=O)[C@H](CC(C)C)NC(=O)OCc1cccc(Cl)c1,5.82,IC50,SARS-CoV-2_Mpro
CHEMBL5189954,Unknown,COc1cccc2[nH]c(C(=O)N[C@@H](CC(C)C)C(=O)N[C@@H](C[C@@H]3CCNC3=O)C(=O)COC(=O)c3c(C(F)(F)F)cc(C)nc3C)cc12,7.77,IC50,SARS-CoV-2_Mpro
CHEMBL5200032,Unknown,CC(=O)OCC1Cc2c(-c3ccccn3)cccc2-c2c(O)ccc(C)c21,4.21,IC50,SARS-CoV-2_Mpro
CHEMBL5200159,Unknown,CCc1ccc(O)c2c1C(COC(C)=O)Cc1c(-c3ccccn3)cccc1-2,4.48,IC50,SARS-CoV-2_Mpro
CHEMBL5206974,Unknown,CC(=O)OCC1Cc2c(-c3ccccn3)cccc2-c2c(O)ccc(C(C)C)c21,4.53,IC50,SARS-CoV-2_Mpro
CHEMBL5187246,Unknown,CC(=O)OCC1Cc2c(-c3ccccn3)cccc2-c2c(O)ccc(C3CCCCC3)c21,5.04,IC50,SARS-CoV-2_Mpro
CHEMBL5203183,Unknown,CC(=O)OCC1Cc2c(-c3ccccn3)cccc2-c2c(O)ccc(-c3ccc(Br)cc3)c21,5.19,IC50,SARS-CoV-2_Mpro
CHEMBL5175215,Unknown,CC(=O)OCC1Cc2c(-c3ccccn3)cccc2-c2c(O)ccc(-c3ccc(C#N)cc3)c21,4.71,IC50,SARS-CoV-2_Mpro
CHEMBL5200309,Unknown,CC(=O)OCC1Cc2c(-c3ccccn3)cccc2-c2c(O)ccc(Cc3ccccc3)c21,4.94,IC50,SARS-CoV-2_Mpro
CHEMBL5205858,Unknown,CC(=O)OCC1Cc2c(-c3ccccn3)ccc(Cl)c2-c2c(O)ccc(C)c21,4.07,IC50,SARS-CoV-2_Mpro
CHEMBL5185504,Unknown,CC(=O)OCC1Cc2c(-c3ccccn3)cc(C)cc2-c2c(O)ccc(C)c21,4.24,IC50,SARS-CoV-2_Mpro
CHEMBL5199771,Unknown,CC(=O)OCC1Cc2c(ccc(C)c2-c2ccccn2)-c2c(O)ccc(C)c21,4.27,IC50,SARS-CoV-2_Mpro
CHEMBL5204406,Unknown,CC(=O)OCC1Cc2c(-c3ncccc3C)cccc2-c2c(O)ccc(C)c21,4.23,IC50,SARS-CoV-2_Mpro
CHEMBL5186504,Unknown,CC(=O)OCC1Cc2c(-c3cc(C)ccn3)cccc2-c2c(O)ccc(C)c21,4.17,IC50,SARS-CoV-2_Mpro
CHEMBL5203894,Unknown,CC(=O)OCC1Cc2c(-c3cc(-c4ccccc4)ccn3)cccc2-c2c(O)ccc(C)c21,5.25,IC50,SARS-CoV-2_Mpro
CHEMBL5193737,Unknown,CC(=O)OCC1Cc2c(-c3ccc(F)cn3)cccc2-c2c(O)ccc(C)c21,4.17,IC50,SARS-CoV-2_Mpro
CHEMBL5174450,Unknown,CC(=O)OCC1Cc2c(-c3ccc(Cl)cn3)cccc2-c2c(O)ccc(C)c21,4.45,IC50,SARS-CoV-2_Mpro
